name,calories,proteins,fat,carbohydrate,porsi saji,Kalium,Fosfor,Natrium,status HD,kategori klinis,cairan
Abon,280.0,9.2,28.4,0.0,30g,81.2,179.4,847.4,Hindari,Rendah Kalium & Tinggi Natrium,60.9
Abon haruwan,513.0,23.7,37.0,21.3,30g,134.6,277.8,608.7,Hindari,Tinggi Fosfor & Tinggi Natrium,16.5
Agar-agar,0.0,0.0,0.2,0.0,100g,41.3,31.3,13.0,Batasi,Rendah Kalium & Tinggi Cairan,98.3
Akar tonjong segar,45.0,1.1,0.4,10.8,100g,37.9,26.2,9.8,Batasi,Rendah Kalium & Tinggi Cairan,86.2
Aletoge segar,37.0,4.4,0.5,3.8,100g,122.4,46.1,6.2,Batasi,Tinggi Cairan,89.8
Alpukat segar,85.0,0.9,6.5,7.7,100g,317.3,18.6,1.8,Hindari,Tinggi Kalium & Tinggi Cairan,83.4
Ampas kacang hijau,96.0,3.7,0.6,19.1,100g,458.7,228.2,12.8,Hindari,Tinggi Kalium & Tinggi Fosfor,75.1
Ampas Tahu,414.0,26.6,18.3,41.3,100g,688.8,415.5,16.5,Hindari,Tinggi Kalium & Tinggi Fosfor,12.3
Ampas tahu kukus,75.0,4.1,2.1,10.7,100g,446.0,248.4,12.6,Hindari,Tinggi Kalium & Tinggi Fosfor & Tinggi Cairan,81.6
Ampas tahu mentah,67.0,5.0,2.1,8.1,100g,516.3,259.8,10.8,Hindari,Tinggi Kalium & Tinggi Fosfor & Tinggi Cairan,83.3
Anak sapi daging gemuk segar,184.0,18.8,14.0,0.0,100g,379.9,276.3,66.7,Hindari,Tinggi Kalium & Tinggi Fosfor,65.7
Anak sapi daging kurus segar,174.0,19.6,10.0,0.0,100g,328.6,281.1,66.6,Hindari,Tinggi Kalium & Tinggi Fosfor,68.9
Anak sapi daging sedang segar,190.0,19.1,12.0,0.0,100g,379.8,295.3,64.1,Hindari,Tinggi Kalium & Tinggi Fosfor,67.4
Andaliman segar,99.0,4.6,1.0,18.0,100g,65.9,43.9,9.1,Aman,Rendah Kalium,74.9
Andewi,25.0,1.6,0.2,5.3,100g,49.0,50.7,13.4,Batasi,Rendah Kalium & Tinggi Cairan,91.4
Anggur hutan segar,30.0,0.5,0.2,6.8,100g,90.7,14.2,1.7,Batasi,Rendah Kalium & Tinggi Cairan,91.0
Angsa,354.0,16.4,31.5,0.0,100g,97.0,113.7,16.1,Batasi,Rendah Kalium,50.6
Anyang sayur,126.0,3.4,7.9,10.3,100g,153.5,36.9,7.4,Batasi,Normal / Seimbang,76.9
Apel,58.0,0.3,0.4,14.9,100g,113.1,15.7,1.6,Batasi,Tinggi Cairan,82.9
Apel Hijau,57.0,0.5,0.4,12.8,100g,107.5,9.9,1.0,Batasi,Tinggi Cairan,84.8
Arbei,37.0,0.8,0.5,8.3,100g,57.6,49.4,11.7,Batasi,Rendah Kalium & Tinggi Cairan,88.9
Ares sayur,113.0,0.9,7.2,11.2,200g,155.5,30.5,6.7,Batasi,Normal / Seimbang,79.2
Arrowroot segar,102.0,1.0,0.2,24.1,100g,61.0,51.8,11.9,Aman,Rendah Kalium,73.2
Arwan sirsir,277.0,2.4,25.0,10.7,100g,70.2,24.8,15.3,Aman,Rendah Kalium,60.4
Asam kandis segar,75.0,0.2,1.1,16.1,100g,52.8,33.5,12.4,Batasi,Rendah Kalium & Tinggi Cairan,81.1
Asam masak di pohon,239.0,2.8,0.6,62.5,100g,63.9,45.8,13.4,Aman,Rendah Kalium,32.6
Asam payak segar,135.0,0.8,0.4,32.1,100g,72.5,34.5,8.8,Aman,Rendah Kalium,65.2
Asan kandis kering,261.0,0.9,1.6,63.3,100g,69.5,46.4,13.3,Aman,Rendah Kalium,8.0
Asinan Bogor sayuran,98.0,3.9,2.6,14.8,100g,141.4,137.1,774.4,Hindari,Tinggi Natrium,77.2
Ayam,302.0,18.2,25.0,0.0,100g,353.5,281.8,53.3,Hindari,Tinggi Kalium & Tinggi Fosfor,55.3
Ayam  goreng Kentuckysayap,297.0,35.9,15.2,1.6,100g,463.4,422.4,65.0,Hindari,Tinggi Kalium & Tinggi Fosfor,8.0
Ayam ampela goreng,270.0,32.3,11.2,9.9,100g,433.0,375.3,61.6,Hindari,Tinggi Kalium & Tinggi Fosfor,8.0
Ayam dideh/darah segar,75.0,13.8,1.9,0.7,100g,329.0,243.9,63.7,Hindari,Tinggi Kalium & Tinggi Fosfor & Tinggi Cairan,82.1
Ayam goreng church texa sayap,295.0,34.0,16.0,1.5,100g,455.1,427.6,66.4,Hindari,Tinggi Kalium & Tinggi Fosfor,8.0
Ayam goreng church texas dada,338.0,35.2,20.6,0.4,100g,458.8,413.1,49.6,Hindari,Tinggi Kalium & Tinggi Fosfor,8.0
Ayam goreng kalasan paha,275.0,37.4,12.2,1.3,100g,465.2,431.2,84.7,Hindari,Tinggi Kalium & Tinggi Fosfor,8.0
Ayam goreng kentucky dada,298.0,34.2,16.8,0.1,100g,444.3,410.1,64.7,Hindari,Tinggi Kalium & Tinggi Fosfor,8.0
Ayam goreng Kentucky paha,286.0,32.1,16.1,1.1,100g,413.2,404.5,71.0,Hindari,Tinggi Kalium & Tinggi Fosfor,8.0
Ayam goreng mbok berek dada,295.0,39.2,13.6,1.0,100g,491.4,433.1,76.2,Hindari,Tinggi Kalium & Tinggi Fosfor,8.0
Ayam goreng paha,287.0,31.0,15.7,1.7,100g,402.5,389.5,82.5,Hindari,Tinggi Kalium & Tinggi Fosfor,8.0
Ayam goreng pasundan dada,246.0,37.9,9.0,0.7,100g,448.6,427.5,65.8,Hindari,Tinggi Kalium & Tinggi Fosfor,8.0
Ayam goreng pasundan paha,245.0,33.1,11.4,0.3,100g,432.0,379.6,65.5,Hindari,Tinggi Kalium & Tinggi Fosfor,8.0
Ayam goreng pioneer dada,295.0,37.4,14.7,0.6,100g,444.5,436.2,57.6,Hindari,Tinggi Kalium & Tinggi Fosfor,8.0
Ayam goreng sukabumi dada,244.0,36.7,9.2,1.0,100g,492.8,415.9,62.4,Hindari,Tinggi Kalium & Tinggi Fosfor,8.0
Ayam goreng sukabumi paha,283.0,35.7,14.3,0.5,100g,472.6,403.0,66.8,Hindari,Tinggi Kalium & Tinggi Fosfor,8.0
Ayam hati segar,261.0,27.4,16.1,1.6,100g,436.8,336.2,66.5,Hindari,Tinggi Kalium & Tinggi Fosfor,53.4
Ayam taliwang masakan,264.0,18.2,20.1,2.7,100g,365.3,295.9,55.1,Hindari,Tinggi Kalium & Tinggi Fosfor,57.5
Ayam usus goreng,473.0,45.2,26.3,13.9,100g,482.2,495.3,67.4,Hindari,Tinggi Kalium & Tinggi Fosfor,8.0
Babat,113.0,17.6,4.2,0.0,100g,108.6,117.0,9.3,Batasi,Normal / Seimbang,76.7
Babi daging gemuk segar,453.0,11.9,45.0,0.0,100g,330.1,242.8,59.3,Hindari,Tinggi Kalium & Tinggi Fosfor,41.6
Babi daging kurus segar,371.0,14.1,35.0,0.0,100g,374.9,261.4,55.5,Hindari,Tinggi Kalium & Tinggi Fosfor,49.4
Babi ginjal segar,110.0,16.3,4.6,0.8,100g,362.8,260.6,71.3,Hindari,Tinggi Kalium & Tinggi Fosfor,76.8
Babi hati segar,129.0,19.7,4.8,1.7,100g,391.5,287.9,72.7,Hindari,Tinggi Kalium & Tinggi Fosfor,72.3
Babi hutan masak rica masakan,491.0,24.6,16.3,0.2,100g,403.6,344.4,80.2,Hindari,Tinggi Kalium & Tinggi Fosfor,57.4
Bacang,102.9,3.3,2.7,16.3,100g,61.1,43.8,8.4,Batasi,Rendah Kalium,76.2
Bagea kelapa asin,450.0,3.2,13.9,78.1,100g,403.7,150.4,685.5,Hindari,Tinggi Kalium & Tinggi Natrium,3.3
Bagea kelapa manis,452.0,1.3,13.8,80.6,100g,418.9,19.6,1.8,Hindari,Tinggi Kalium,2.8
Bagea kenari asin,529.0,3.2,29.1,63.6,100g,103.4,176.5,530.1,Hindari,Tinggi Natrium,2.6
Bagea kenari manis,523.0,3.2,28.2,64.2,100g,80.1,55.1,13.9,Aman,Rendah Kalium,2.9
Bagea kw 1,416.0,6.5,9.4,76.3,100g,97.7,57.5,5.9,Aman,Rendah Kalium,6.3
Bagea kw 2,382.0,0.3,3.5,87.2,100g,77.4,43.2,12.9,Aman,Rendah Kalium,7.5
Baje,129.0,1.9,6.6,15.6,100g,47.9,44.9,13.5,Aman,Rendah Kalium,74.4
Bakpia kue,272.0,8.7,6.7,44.1,30g,86.0,75.4,12.2,Aman,Rendah Kalium,39.0
Bakso ,76.0,4.1,2.5,9.2,100g,53.9,192.7,794.2,Hindari,Rendah Kalium & Tinggi Natrium & Tinggi Cairan,82.7
Bakung segar,27.0,2.0,0.2,4.2,100g,42.7,36.5,14.1,Batasi,Rendah Kalium & Tinggi Cairan,92.1
Bakwan,280.0,8.2,10.2,39.0,100g,93.4,76.0,27.4,Aman,Rendah Kalium,41.1
Baligo,13.0,0.4,0.2,3.0,100g,52.2,45.9,15.8,Batasi,Rendah Kalium & Tinggi Cairan,94.9
Bantal,190.0,3.3,0.3,43.5,100g,79.2,47.3,15.0,Aman,Rendah Kalium,51.4
Barongko,159.0,3.1,5.8,23.5,100g,59.1,47.1,10.1,Aman,Rendah Kalium,66.1
Batang Tading,137.0,4.3,4.8,19.1,100g,68.3,72.9,4.5,Aman,Rendah Kalium,70.3
Batar daan,107.0,2.2,2.2,19.6,100g,66.0,32.0,10.1,Aman,Rendah Kalium,74.5
Batatas gembili segar,76.0,1.1,0.9,16.0,100g,64.0,40.5,7.7,Batasi,Rendah Kalium & Tinggi Cairan,80.5
Batatas kelapa ubi bakar,110.0,1.4,1.1,23.4,100g,384.2,34.0,6.5,Hindari,Tinggi Kalium,72.6
Batatas kelapa ubi kukus,92.0,1.2,0.3,21.0,100g,403.2,30.6,6.7,Hindari,Tinggi Kalium,76.0
Batatas kelapa ubi segar,89.0,1.1,0.1,21.0,100g,451.4,32.5,3.9,Hindari,Tinggi Kalium,76.3
Batatas tali ubi rebus,182.0,2.4,0.4,42.2,100g,440.6,33.2,9.7,Hindari,Tinggi Kalium,53.5
Bawang Bombay,45.0,1.4,0.2,10.3,100g,132.8,30.8,9.0,Batasi,Tinggi Cairan,86.6
Bawang Merah,39.0,1.5,0.3,0.2,100g,140.6,26.9,7.3,Batasi,Tinggi Cairan,96.5
Bawang Putih,95.0,4.5,0.2,23.1,100g,152.0,42.6,11.5,Batasi,Normal / Seimbang,70.7
Bayam kukus,30.0,1.3,0.7,5.8,100g,275.2,144.6,72.3,Batasi,Tinggi Cairan,90.7
Bayam Merah,51.0,4.6,0.5,10.0,100g,327.7,196.9,52.8,Hindari,Tinggi Kalium & Tinggi Cairan,83.4
Bayam merah segar,41.0,2.2,0.8,6.3,100g,262.4,181.7,59.3,Batasi,Tinggi Cairan,89.2
Bayam rebus,23.0,1.2,0.6,3.7,100g,275.5,168.3,57.6,Batasi,Tinggi Cairan,93.0
Bayam segar,36.0,3.5,0.5,6.5,100g,278.1,137.4,56.8,Batasi,Tinggi Cairan,88.0
Bayam tumis + oncom,102.0,3.7,6.7,6.9,100g,450.7,230.9,21.5,Hindari,Tinggi Kalium & Tinggi Fosfor & Tinggi Cairan,81.2
Bayam tumis bersantan,48.0,1.4,4.2,2.6,100g,239.1,155.2,66.0,Batasi,Tinggi Cairan,90.3
Bebek (itik),326.0,16.0,28.6,0.0,100g,376.8,252.8,74.3,Hindari,Tinggi Kalium & Tinggi Fosfor,53.9
Bebek alabio daging segar,303.0,11.3,27.0,3.7,100g,322.4,223.0,68.7,Hindari,Tinggi Kalium & Tinggi Fosfor,56.5
Bebek daging goreng,300.0,24.0,20.7,4.5,100g,396.0,322.8,65.6,Hindari,Tinggi Kalium & Tinggi Fosfor,8.0
Beberuk,65.0,1.1,5.2,3.5,100g,47.2,40.9,14.6,Batasi,Rendah Kalium & Tinggi Cairan,88.7
Beef burger,258.0,10.6,9.5,32.5,100g,107.8,72.8,20.5,Aman,Normal / Seimbang,45.9
Beef teriyaki masakan,151.0,8.6,3.1,22.3,100g,68.4,72.5,14.4,Aman,Rendah Kalium,64.5
Beef yakiniku masakan,132.0,9.8,1.1,20.7,100g,89.8,74.1,11.2,Aman,Rendah Kalium,66.9
Bekasam,116.0,11.9,4.9,6.1,100g,85.1,83.8,15.4,Batasi,Rendah Kalium,75.6
Bekasang,78.0,11.4,2.0,3.6,100g,89.2,80.8,15.6,Batasi,Rendah Kalium & Tinggi Cairan,81.5
Belibis daging segar,131.0,20.2,4.3,2.8,100g,377.2,311.3,70.0,Hindari,Tinggi Kalium & Tinggi Fosfor,71.2
Belimbing,36.0,0.4,0.4,8.8,100g,43.3,32.3,15.0,Batasi,Rendah Kalium & Tinggi Cairan,88.9
Belitung talas kukus,145.0,1.2,0.4,34.2,100g,436.8,30.3,8.2,Hindari,Tinggi Kalium,62.7
Belut goreng,417.0,25.9,19.4,32.0,100g,428.0,337.2,69.4,Hindari,Tinggi Kalium & Tinggi Fosfor,8.0
Belut segar,70.0,14.6,0.8,1.0,100g,336.3,256.9,73.8,Hindari,Tinggi Kalium & Tinggi Fosfor & Tinggi Cairan,82.1
Belutlaut segar,93.0,12.8,1.5,6.1,100g,346.9,255.8,75.4,Hindari,Tinggi Kalium & Tinggi Fosfor,78.1
Bengkuang,55.0,1.4,0.2,12.8,100g,55.2,46.8,10.8,Batasi,Rendah Kalium & Tinggi Cairan,84.1
Bentul (Komba)  talas segar,98.0,1.6,0.7,20.9,100g,405.7,31.7,8.2,Hindari,Tinggi Kalium,75.3
Bentul talas kukus,71.0,2.3,0.3,15.4,100g,402.6,32.1,12.2,Hindari,Tinggi Kalium & Tinggi Cairan,80.5
Beras Cerdas,350.0,2.7,1.1,82.3,100g,79.3,37.4,16.6,Aman,Rendah Kalium,12.4
Beras ganyong,364.0,3.4,0.7,86.3,100g,243.1,42.8,9.3,Batasi,Normal / Seimbang,8.1
Beras Giling,360.0,6.8,0.7,78.9,100g,100.3,58.4,12.3,Aman,Normal / Seimbang,12.1
Beras Giling masak (nasi) ,178.0,2.1,0.1,40.6,150g,63.2,52.3,11.4,Aman,Rendah Kalium,55.7
Beras giling mentah,357.0,8.4,1.7,77.1,100g,98.6,70.2,13.7,Aman,Rendah Kalium,11.3
Beras giling var pelita mentah,369.0,9.5,1.4,77.1,100g,104.6,71.2,13.0,Aman,Normal / Seimbang,10.5
Beras giling var rojolele mentah,357.0,8.4,1.7,77.1,100g,107.2,68.7,10.1,Aman,Normal / Seimbang,11.3
Beras hitam mentah,351.0,8.0,1.3,76.9,100g,105.6,59.4,6.4,Aman,Normal / Seimbang,12.3
Beras jagung kuning kering mentah,358.0,5.5,0.1,82.7,100g,91.6,58.0,13.2,Aman,Rendah Kalium,8.0
Beras jagung putih kering mentah,307.0,4.8,0.1,71.8,100g,102.3,63.5,11.4,Aman,Normal / Seimbang,8.0
Beras Ketan Hitam,356.0,7.0,0.7,78.0,100g,100.5,58.5,11.9,Aman,Normal / Seimbang,12.8
Beras Ketan Hitam kukus,181.0,4.0,1.2,37.3,100g,171.3,44.3,6.3,Batasi,Normal / Seimbang,56.0
Beras Ketan Hitam tape,166.0,3.8,1.0,34.4,100g,76.2,64.4,11.6,Aman,Rendah Kalium,59.3
Beras Ketan Hitam tumbuk,360.0,8.0,2.3,74.5,100g,106.0,76.5,10.4,Aman,Normal / Seimbang,13.7
Beras ketan hitam tumbuk mentah,360.0,8.0,2.3,74.5,100g,104.6,71.1,12.4,Aman,Normal / Seimbang,13.7
Beras Ketan Putih,362.0,6.7,0.7,79.4,100g,94.0,65.3,14.0,Aman,Rendah Kalium,11.7
Beras Ketan Putih kukus,163.0,3.0,0.4,35.7,100g,190.3,42.3,12.3,Batasi,Normal / Seimbang,59.4
Beras Ketan Putih tape,172.0,3.0,0.5,37.5,100g,64.4,55.5,12.7,Aman,Rendah Kalium,57.5
Beras Ketan Putih tumbuk,361.0,7.4,0.8,78.4,100g,119.8,61.8,8.6,Aman,Normal / Seimbang,11.9
Beras ketan putih tumbuk mentah,361.0,7.4,0.8,78.4,100g,97.5,51.3,9.9,Aman,Rendah Kalium,11.9
Beras ladang mentah,376.0,7.5,3.8,78.0,100g,96.4,70.0,13.4,Aman,Rendah Kalium,9.2
Beras Menir,339.0,7.7,4.4,73.0,100g,116.2,77.3,9.7,Aman,Normal / Seimbang,13.4
Beras menir mentah,362.0,7.7,4.4,73.0,100g,94.0,73.6,6.7,Aman,Rendah Kalium,13.4
Beras Merah tumbuk,359.0,7.5,0.9,77.6,100g,116.9,78.2,10.1,Aman,Normal / Seimbang,12.5
Beras Parboiled,364.0,6.8,0.6,80.1,100g,87.1,76.4,11.5,Aman,Rendah Kalium,11.0
Beras parboiled,353.0,6.8,0.6,80.0,100g,110.7,52.8,9.6,Aman,Normal / Seimbang,11.1
Beras Pecah Kulit,335.0,7.4,1.9,76.2,100g,101.4,68.7,10.2,Aman,Normal / Seimbang,13.0
Beras Setengah Giling,363.0,7.6,1.1,78.3,100g,107.9,60.7,11.4,Aman,Normal / Seimbang,11.5
Beras Siger,344.0,1.1,0.2,28.3,100g,61.1,44.1,14.8,Aman,Rendah Kalium,68.9
Beras tumbuk mentah,354.0,7.8,0.4,79.9,100g,95.3,57.8,17.1,Aman,Rendah Kalium,10.4
Beras tumbuk merah mentah,352.0,7.3,0.9,76.2,100g,103.7,61.9,18.2,Aman,Normal / Seimbang,14.1
Betok wadi masakan,145.0,16.3,7.0,4.1,100g,104.6,117.8,12.3,Batasi,Normal / Seimbang,71.1
Bihun,360.0,4.7,0.1,82.1,150g,110.8,70.2,11.0,Aman,Normal / Seimbang,11.6
Bihun Goreng ,154.0,3.0,4.5,25.5,150g,73.5,53.7,17.5,Aman,Rendah Kalium,8.0
Bihun goreng instan,381.0,6.1,3.9,80.3,150g,90.8,67.9,16.2,Aman,Rendah Kalium,8.0
Bihun Jagung mentah,354.0,0.5,0.3,87.4,150g,67.6,27.8,3.8,Aman,Rendah Kalium,10.3
Bihun mentah,348.0,4.7,0.1,82.1,150g,92.1,61.9,18.0,Aman,Rendah Kalium,11.6
Biji Jambu Mete,562.0,21.2,49.6,23.6,100g,117.1,69.9,1.0,Aman,Normal / Seimbang,4.1
Biji Jambu Mete goreng,629.0,21.5,56.6,19.8,100g,100.2,65.6,2.3,Aman,Normal / Seimbang,0.6
Biji nangka/Biji salak,262.0,2.3,5.4,51.1,100g,385.7,11.5,1.9,Hindari,Tinggi Kalium,39.7
Bika ambon,199.0,2.1,1.5,44.4,100g,59.7,49.8,13.5,Aman,Rendah Kalium,50.5
Bika Ambon ,225.7,3.0,0.3,52.9,100g,69.1,44.4,7.8,Aman,Rendah Kalium,42.3
Bir (4% alkohol),48.0,0.6,0.0,4.4,100g,48.4,45.3,8.1,Batasi,Rendah Kalium & Tinggi Cairan,93.5
Biskuit,458.0,6.9,14.4,75.1,30g,103.2,61.8,8.8,Aman,Normal / Seimbang,2.1
Bit,42.0,1.6,0.1,9.6,100g,53.6,33.9,9.8,Batasi,Rendah Kalium & Tinggi Cairan,87.2
Biwah segar,51.0,0.3,0.1,12.1,100g,41.3,52.1,12.1,Batasi,Rendah Kalium & Tinggi Cairan,86.0
Bonggol Pisang,43.0,2.6,0.0,11.6,100g,332.3,19.1,1.9,Hindari,Tinggi Kalium & Tinggi Cairan,84.3
Bonggol Pisang kering,245.0,3.4,0.0,66.2,100g,399.5,22.3,2.6,Hindari,Tinggi Kalium,8.0
Bongkrek (tempe bungkil),119.0,4.4,3.5,18.3,100g,450.7,246.6,13.9,Hindari,Tinggi Kalium & Tinggi Fosfor,72.3
Boros Kunci,23.0,1.0,0.8,7.2,100g,33.0,27.4,17.5,Batasi,Rendah Kalium & Tinggi Cairan,89.5
Boros Laja (lengkuas),22.0,1.0,0.3,4.7,100g,63.5,37.5,14.3,Batasi,Rendah Kalium & Tinggi Cairan,92.5
Botok lamtoro,186.0,11.7,9.7,13.0,100g,93.6,112.3,16.5,Batasi,Rendah Kalium,64.1
Brem,249.0,3.4,0.4,58.0,100g,79.1,42.7,5.6,Aman,Rendah Kalium,36.7
Brondong ,400.0,4.0,0.7,95.3,100g,98.7,46.9,6.3,Aman,Rendah Kalium,0.0
Brongkos,141.0,15.3,3.3,12.6,100g,98.4,95.2,18.7,Aman,Rendah Kalium,67.3
Buah Atung,23.0,0.8,0.2,5.2,100g,110.7,14.0,3.2,Batasi,Tinggi Cairan,92.3
Buah kelenting segar,110.0,1.4,2.1,21.4,100g,115.6,12.9,3.2,Aman,Normal / Seimbang,73.6
Buah kelor,38.0,1.5,0.2,7.5,100g,145.5,27.6,7.6,Batasi,Tinggi Cairan,89.3
Buah kom segar,264.0,4.0,1.1,59.6,100g,134.7,17.9,2.7,Aman,Normal / Seimbang,33.8
Buah Mentega (bisbul),39.0,0.7,0.2,9.7,100g,214.2,147.4,235.1,Batasi,Tinggi Cairan,87.9
Buah merah,87.0,2.6,2.7,13.1,100g,104.0,17.0,1.5,Batasi,Tinggi Cairan,80.1
Buah Naga Merah segar,71.0,1.7,3.1,9.1,100g,99.5,16.4,1.3,Batasi,Rendah Kalium & Tinggi Cairan,84.6
Buah Naga Putih segar,56.0,0.8,1.0,10.9,100g,109.8,13.8,1.8,Batasi,Tinggi Cairan,85.8
Buah negri segar,55.0,1.2,0.1,12.2,100g,101.3,13.3,2.6,Batasi,Tinggi Cairan,85.0
Buah Nona,101.0,1.7,0.6,25.2,100g,121.6,13.3,2.1,Aman,Normal / Seimbang,71.0
Buah rotan segar,78.0,0.6,0.3,18.2,100g,118.8,8.5,2.4,Batasi,Normal / Seimbang,79.4
Buah rukam segar,113.0,0.8,0.3,26.8,100g,113.5,15.7,1.4,Aman,Normal / Seimbang,70.6
Buah ruruhi segar,29.0,2.1,0.7,3.6,100g,88.1,12.4,2.0,Batasi,Rendah Kalium & Tinggi Cairan,92.1
Buah tuppa segar,67.0,0.4,0.2,15.9,100g,113.2,10.3,2.5,Batasi,Tinggi Cairan,82.0
Buaya daging dendeng mentah,365.0,49.6,4.8,30.8,30g,499.6,632.4,627.1,Hindari,Tinggi Kalium & Tinggi Fosfor & Tinggi Natrium,13.3
Bubur ,60.0,1.0,60.0,13.0,150g,46.8,36.4,16.0,Aman,Rendah Kalium,24.5
Bubur sagu,167.0,0.2,4.0,33.0,150g,54.3,42.6,7.5,Aman,Rendah Kalium,61.3
Bubur tinotuan (Manado),156.0,2.3,0.2,15.6,150g,63.5,56.9,2.1,Batasi,Rendah Kalium & Tinggi Cairan,80.4
Bulgogi masakan,72.0,11.4,4.9,1.4,100g,79.1,90.9,11.2,Batasi,Rendah Kalium & Tinggi Cairan,80.8
Bulung Jajan,212.0,16.9,0.2,47.6,100g,126.2,106.2,12.3,Batasi,Normal / Seimbang,33.8
Bulung Sangu,237.0,14.7,0.2,56.0,100g,117.6,110.5,13.0,Batasi,Normal / Seimbang,27.6
Buncis,35.0,2.4,0.2,7.7,100g,143.3,34.2,7.0,Batasi,Tinggi Cairan,88.2
Buncis asam,60.0,5.1,0.5,8.5,100g,135.0,49.5,7.2,Batasi,Tinggi Cairan,84.4
Buncis rebus,30.0,2.2,0.2,6.4,100g,141.2,43.2,9.7,Batasi,Tinggi Cairan,89.7
Bunga pepaya segar,45.0,2.6,0.3,8.1,100g,103.1,22.1,1.7,Batasi,Tinggi Cairan,87.5
Bunga turi segar,42.0,2.0,1.1,6.1,100g,112.9,30.0,4.3,Batasi,Tinggi Cairan,89.3
Bungkil Biji Karet,333.0,29.3,3.3,50.0,100g,164.7,167.0,18.7,Batasi,Normal / Seimbang,15.9
Bungkil Kacang Tanah,336.0,37.4,13.0,30.5,100g,802.2,515.9,18.3,Hindari,Tinggi Kalium & Tinggi Fosfor,17.6
Bungkil Kelapa,368.0,23.0,15.0,40.0,100g,340.8,70.2,2.6,Hindari,Tinggi Kalium,20.5
Buntil ,106.0,4.4,6.3,7.9,100g,51.7,64.0,13.4,Batasi,Rendah Kalium,79.9
Buntil daun talas,141.0,4.4,10.2,8.0,100g,364.0,47.3,12.5,Hindari,Tinggi Kalium,75.9
Buras ,125.7,3.3,1.9,23.9,100g,67.6,51.8,10.2,Aman,Rendah Kalium,69.4
Burung sarang segar,281.0,37.5,0.3,32.1,100g,182.3,210.4,8.6,Hindari,Tinggi Fosfor,28.6
Cabai gembor merah segar,38.0,1.6,0.8,6.3,100g,138.4,30.3,9.0,Batasi,Tinggi Cairan,89.8
Cabai hijau segar,26.0,0.7,0.3,5.2,100g,140.2,32.3,7.0,Batasi,Tinggi Cairan,92.3
Cabai merah kering,367.0,15.9,6.2,61.8,100g,200.9,92.6,7.1,Batasi,Normal / Seimbang,8.0
Cabai merah segar,36.0,1.0,0.3,7.3,100g,143.3,32.5,6.2,Batasi,Tinggi Cairan,89.9
Cabai rawit segar,120.0,4.7,2.4,19.9,100g,164.3,51.6,8.8,Batasi,Normal / Seimbang,71.5
Caisin segar,20.0,1.7,0.4,3.4,100g,67.3,36.5,7.0,Batasi,Rendah Kalium & Tinggi Cairan,93.0
Cakalang asar (asap papua),155.0,20.1,3.8,10.2,100g,335.0,318.7,70.2,Hindari,Tinggi Kalium & Tinggi Fosfor,64.4
Cake tape,323.0,4.9,11.5,50.1,100g,81.7,59.3,7.5,Aman,Rendah Kalium,32.0
Cammetutu,102.0,3.2,6.0,8.7,100g,79.2,50.4,12.4,Batasi,Rendah Kalium & Tinggi Cairan,80.6
Cantel mentah,366.0,11.0,3.3,73.0,100g,118.5,88.3,12.9,Aman,Normal / Seimbang,11.2
Cap cai sayur,97.0,5.8,6.3,4.2,100g,125.6,53.0,11.8,Batasi,Tinggi Cairan,82.2
Carica papaya segar,24.0,1.9,0.2,3.7,100g,63.9,56.3,10.0,Batasi,Rendah Kalium & Tinggi Cairan,92.7
Cassavastick,460.0,0.8,18.7,17.2,100g,46.8,37.6,12.2,Aman,Rendah Kalium,61.8
Cempedak,116.0,3.0,0.4,28.6,100g,75.7,35.0,18.1,Aman,Rendah Kalium,66.5
Cengkeh kering,330.0,5.2,8.9,57.4,100g,84.9,55.0,8.0,Aman,Rendah Kalium,8.0
Centel,332.0,11.0,3.3,73.0,100g,99.5,91.1,12.3,Aman,Rendah Kalium,11.2
Ceriping getuk singkong,462.0,1.2,20.7,67.7,100g,449.6,25.2,7.3,Hindari,Tinggi Kalium,8.9
Chicken teriyaki masakan,168.0,13.0,9.6,7.5,100g,106.9,91.4,6.0,Aman,Normal / Seimbang,68.4
Chikiniku masakan,143.0,9.8,1.4,22.8,100g,86.5,76.9,1.2,Aman,Rendah Kalium,64.5
Coklat bubuk,311.0,8.0,4.0,48.9,100g,92.1,69.2,14.8,Aman,Rendah Kalium,37.6
Coklat Manis batang,472.0,2.0,29.8,62.7,100g,91.9,53.0,10.9,Aman,Rendah Kalium,4.0
Coklat Pahit batang,504.0,5.5,52.9,29.2,100g,67.1,80.3,12.2,Aman,Rendah Kalium,10.9
Coklat Susu batang,381.0,9.0,35.0,53.6,200g,252.2,267.6,400.0,Hindari,Tinggi Fosfor,0.9
Combro ,210.0,1.6,6.6,35.8,100g,63.8,37.6,9.8,Aman,Rendah Kalium,54.5
Corned Beef,241.0,16.0,25.0,0.0,100g,100.7,102.7,9.1,Batasi,Normal / Seimbang,57.5
Coto mangkasara kuda masakan,96.0,6.8,5.9,3.8,100g,71.2,63.6,18.0,Batasi,Rendah Kalium & Tinggi Cairan,82.0
Coto mangkasara sapi masakan,84.0,6.0,6.0,1.4,100g,240.0,208.1,75.0,Hindari,Tinggi Fosfor & Tinggi Cairan,85.1
Cue Selar Kuning,145.0,27.0,2.3,0.0,100g,122.9,153.8,10.5,Batasi,Normal / Seimbang,69.2
Cuka,12.0,0.1,0.1,5.0,100g,36.1,29.2,7.6,Batasi,Rendah Kalium & Tinggi Cairan,93.3
Cumi-cumi goreng,265.0,40.6,10.1,0.0,100g,518.3,465.7,75.2,Hindari,Tinggi Kalium & Tinggi Fosfor,8.0
Cumi-cumi segar,75.0,16.1,0.7,0.1,100g,363.0,257.2,60.8,Hindari,Tinggi Kalium & Tinggi Fosfor & Tinggi Cairan,81.6
Daging Anak Sapi,190.0,19.1,12.0,0.0,100g,374.8,278.6,70.7,Hindari,Tinggi Kalium & Tinggi Fosfor,67.4
Daging Asap,191.0,32.0,6.0,0.0,100g,431.2,385.5,70.7,Hindari,Tinggi Kalium & Tinggi Fosfor,60.5
Daging Babi Gemuk,457.0,11.6,45.0,0.0,100g,332.7,232.7,74.3,Hindari,Tinggi Kalium & Tinggi Fosfor,41.9
Daging Babi Kurus,376.0,14.1,35.0,0.0,100g,315.9,263.1,69.7,Hindari,Tinggi Kalium & Tinggi Fosfor,49.4
Daging Domba,206.0,17.1,14.8,0.0,100g,347.9,282.2,55.0,Hindari,Tinggi Kalium & Tinggi Fosfor,66.6
Daging Kambing,154.0,16.6,9.2,0.0,100g,369.8,272.3,60.8,Hindari,Tinggi Kalium & Tinggi Fosfor,72.7
Daging Kerbau,84.0,18.7,0.5,0.0,100g,383.8,281.8,53.7,Hindari,Tinggi Kalium & Tinggi Fosfor,79.3
Daging Kuda,118.0,18.1,4.1,0.9,100g,328.4,293.0,54.8,Hindari,Tinggi Kalium & Tinggi Fosfor,75.4
Daging Sapi,207.0,18.8,14.0,0.0,100g,398.5,266.0,78.6,Hindari,Tinggi Kalium & Tinggi Fosfor,65.7
Daun bangun-bangun segar,27.0,1.3,0.6,4.0,100g,137.3,30.5,6.9,Batasi,Tinggi Cairan,92.6
Daun Bawang,29.0,1.8,0.7,5.2,100g,141.0,32.9,10.2,Batasi,Tinggi Cairan,90.8
Daun bawang  merah segar,41.0,2.0,0.3,7.8,100g,140.7,34.6,7.3,Batasi,Tinggi Cairan,88.4
Daun bebuas segar,41.0,2.7,1.0,7.3,100g,138.1,38.4,4.6,Batasi,Tinggi Cairan,87.5
Daun belem segar,50.0,4.4,1.4,7.8,100g,123.2,47.8,8.3,Batasi,Tinggi Cairan,84.9
Daun Beluntas,42.0,1.8,0.5,9.4,100g,139.1,33.2,8.7,Batasi,Tinggi Cairan,86.8
Daun Cincau,122.0,6.0,1.0,26.0,100g,154.7,48.9,8.4,Batasi,Normal / Seimbang,65.5
Daun Gandaria,60.0,3.1,0.3,14.0,100g,135.1,40.6,4.6,Batasi,Tinggi Cairan,81.1
Daun gedi besar segar,58.0,2.9,0.7,10.0,200g,154.3,39.9,8.5,Batasi,Tinggi Cairan,84.9
Daun gelang segar,30.0,1.3,0.7,5.8,100g,148.8,37.5,10.0,Batasi,Tinggi Cairan,90.7
Daun gunda bali segar,50.0,4.6,0.9,7.0,100g,116.3,40.6,6.8,Batasi,Tinggi Cairan,86.0
Daun gunda serang segar,62.0,4.2,0.9,9.2,100g,141.4,46.0,6.5,Batasi,Tinggi Cairan,84.2
Daun Jambu Mete muda,73.0,4.6,0.5,16.2,100g,151.7,42.7,6.8,Batasi,Normal / Seimbang,77.2
Daun jampang segar,34.0,3.8,0.5,5.3,100g,119.5,38.4,5.3,Batasi,Tinggi Cairan,88.9
Daun jawaw seluang segar,93.0,5.0,1.3,15.3,100g,136.6,51.7,6.1,Batasi,Normal / Seimbang,76.9
Daun jonghe segar,27.0,2.1,0.7,4.4,100g,166.9,36.4,8.4,Batasi,Tinggi Cairan,91.3
Daun kacang ma segar,36.0,2.9,0.6,6.8,100g,427.5,253.7,12.7,Hindari,Tinggi Kalium & Tinggi Fosfor & Tinggi Cairan,88.2
Daun Kacang Panjang,34.0,4.1,0.4,5.8,100g,464.1,291.2,14.6,Hindari,Tinggi Kalium & Tinggi Fosfor & Tinggi Cairan,88.2
Daun Kacang Panjang kukus,40.0,3.7,0.3,8.0,100g,485.7,239.1,14.9,Hindari,Tinggi Kalium & Tinggi Fosfor & Tinggi Cairan,86.5
Daun kacang panjang segar,30.0,3.1,0.3,5.8,100g,495.3,235.4,22.2,Hindari,Tinggi Kalium & Tinggi Fosfor & Tinggi Cairan,89.3
Daun kasbi/singkong karet segar,92.0,4.0,3.6,10.9,100g,397.3,40.8,9.3,Hindari,Tinggi Kalium,80.0
Daun Katuk,59.0,4.8,1.0,11.0,100g,154.9,49.1,4.9,Batasi,Tinggi Cairan,81.7
Daun katuk rebus,53.0,5.3,0.9,9.1,100g,132.2,47.9,7.9,Batasi,Tinggi Cairan,83.2
Daun katuk segar,59.0,6.4,1.0,9.9,100g,149.3,54.5,5.3,Batasi,Tinggi Cairan,81.2
Daun Kecipir,47.0,5.0,0.5,8.5,100g,144.8,49.9,9.1,Batasi,Tinggi Cairan,84.5
Daun Kedondong,59.0,2.8,0.3,13.4,100g,159.0,40.9,8.9,Batasi,Tinggi Cairan,82.0
Daun Kelor,82.0,6.7,1.7,14.3,100g,146.3,48.5,8.9,Batasi,Normal / Seimbang,75.8
Daun Kelor rebus,61.0,6.1,0.9,10.0,100g,144.5,53.5,5.4,Batasi,Tinggi Cairan,81.5
Daun Kemangi,46.0,4.0,0.5,8.9,100g,127.7,47.2,7.9,Batasi,Tinggi Cairan,85.1
Daun kenikir segar,45.0,3.7,0.5,6.6,100g,146.1,41.8,8.1,Batasi,Tinggi Cairan,87.7
Daun kesum segar,48.0,4.5,0.8,9.1,200g,152.2,43.2,8.2,Batasi,Tinggi Cairan,84.1
Daun kol sawi segar,22.0,2.1,0.5,3.6,100g,128.8,32.7,7.4,Batasi,Tinggi Cairan,92.3
Daun Koro,23.0,3.0,0.3,3.7,100g,455.6,236.8,20.0,Hindari,Tinggi Kalium & Tinggi Fosfor & Tinggi Cairan,91.5
Daun kubis segar,51.0,2.5,1.1,8.0,100g,352.0,35.5,7.1,Hindari,Tinggi Kalium & Tinggi Cairan,86.9
Daun Kumak,14.0,1.3,0.3,2.3,100g,150.1,31.6,10.1,Batasi,Tinggi Cairan,94.6
Daun Labu Siam,60.0,4.0,0.4,4.7,100g,117.8,44.1,9.8,Batasi,Tinggi Cairan,89.4
Daun Labu Waluh,30.0,3.6,0.6,4.5,100g,136.4,45.5,7.0,Batasi,Tinggi Cairan,89.8
Daun lamtoro segar,87.0,8.3,1.8,14.4,100g,164.2,71.5,7.3,Batasi,Normal / Seimbang,74.0
Daun leilem segar,76.0,2.8,0.2,15.8,100g,143.6,43.4,11.2,Batasi,Normal / Seimbang,79.7
Daun Leunca,45.0,4.7,0.5,8.1,100g,133.4,44.5,7.4,Batasi,Tinggi Cairan,85.2
Daun Lobak,30.0,2.3,0.4,5.8,100g,120.8,31.7,6.0,Batasi,Tinggi Cairan,90.0
Daun Lompong Tales,40.0,3.0,0.8,7.4,200g,129.7,38.4,8.5,Batasi,Tinggi Cairan,87.3
Daun Mangkokan,54.0,3.7,0.3,11.8,100g,162.8,37.7,10.0,Batasi,Tinggi Cairan,82.7
Daun matel ambon segar,71.0,6.8,1.6,11.5,100g,141.2,55.4,9.3,Batasi,Normal / Seimbang,78.6
Daun Melinjo,99.0,5.0,1.3,21.3,100g,142.1,49.0,8.3,Aman,Normal / Seimbang,70.9
Daun Mengkudu Kukus,63.0,3.8,1.5,11.5,100g,393.0,43.3,12.9,Hindari,Tinggi Kalium & Tinggi Cairan,81.7
Daun ndusuk segar,166.0,1.7,0.5,38.8,100g,168.9,30.5,6.8,Batasi,Normal / Seimbang,57.5
Daun Oyong,22.0,1.0,0.1,5.3,100g,129.7,27.0,10.4,Batasi,Tinggi Cairan,92.1
Daun oyong segar,22.0,1.0,0.1,5.3,100g,153.4,27.2,6.3,Batasi,Tinggi Cairan,92.1
Daun Pakis,35.0,4.0,0.3,6.4,100g,143.3,40.8,9.3,Batasi,Tinggi Cairan,87.8
Daun pakis longgiho segar,54.0,2.2,3.6,3.1,100g,136.2,28.8,11.1,Batasi,Tinggi Cairan,89.6
Daun pakis segar,39.0,4.5,0.4,6.9,100g,159.8,42.8,7.2,Batasi,Tinggi Cairan,86.7
Daun pakis wambateu segar,53.0,3.4,1.2,7.2,100g,142.1,41.6,9.3,Batasi,Tinggi Cairan,86.7
Daun paku segar,29.0,3.4,0.1,6.5,100g,161.9,39.6,6.4,Batasi,Tinggi Cairan,88.5
Daun pangisegar,104.0,3.9,0.6,17.9,100g,134.9,39.6,7.9,Batasi,Normal / Seimbang,76.1
Daun pare segar,49.0,2.7,1.0,8.4,100g,161.6,35.1,8.4,Batasi,Tinggi Cairan,86.4
Daun pepaya segar,87.0,8.0,2.0,11.9,100g,381.0,65.8,13.1,Hindari,Tinggi Kalium,76.6
Daun Pete Cina,128.0,12.0,6.5,12.4,100g,138.5,77.0,10.1,Aman,Normal / Seimbang,67.6
Daun Poh-pohan,37.0,2.5,0.8,6.9,100g,146.5,43.6,9.2,Batasi,Tinggi Cairan,88.3
Daun salam  bubuk,301.0,14.2,10.9,49.0,100g,184.5,91.3,10.2,Batasi,Normal / Seimbang,24.4
Daun selasih segar,62.0,4.0,0.5,10.5,100g,152.4,45.0,10.1,Batasi,Tinggi Cairan,83.5
Daun Semanggi,45.0,4.4,8.0,0.5,100g,144.6,50.3,9.3,Batasi,Tinggi Cairan,85.6
Daun semanggi segar,45.0,4.4,0.5,8.5,100g,138.2,45.4,10.4,Batasi,Tinggi Cairan,85.1
Daun simpur segar,53.0,3.2,2.5,7.6,100g,129.3,40.9,7.2,Batasi,Tinggi Cairan,85.2
Daun singkil segar,68.0,2.0,1.0,15.2,100g,148.6,39.1,8.4,Batasi,Tinggi Cairan,80.3
Daun Singkong,73.0,6.8,1.2,13.0,100g,384.6,50.2,9.5,Hindari,Tinggi Kalium,77.5
Daun singkong ambon segar,144.0,12.7,1.2,25.2,100g,421.5,90.8,7.4,Hindari,Tinggi Kalium,59.4
Daun singkong ampenan segar,50.0,6.2,1.1,7.1,100g,378.3,53.9,11.2,Hindari,Tinggi Kalium & Tinggi Cairan,84.1
Daun singkong kopang segar,74.0,6.3,0.7,10.7,100g,376.9,54.5,9.2,Hindari,Tinggi Kalium & Tinggi Cairan,80.8
Daun Singkong lodeh,55.0,4.0,0.5,8.5,100g,380.0,41.2,8.4,Hindari,Tinggi Kalium & Tinggi Cairan,85.5
Daun Singkong rebus,31.0,3.7,0.6,4.8,100g,395.5,37.5,8.3,Hindari,Tinggi Kalium & Tinggi Cairan,89.4
Daun singkong segar,50.0,6.2,1.1,7.1,100g,355.3,57.7,5.0,Hindari,Tinggi Kalium & Tinggi Cairan,84.1
Daun Sintrong,36.0,2.6,0.9,6.1,100g,130.6,38.2,11.1,Batasi,Tinggi Cairan,88.9
Daun talas rebus,27.0,1.3,0.2,5.9,100g,369.0,28.6,11.8,Hindari,Tinggi Kalium & Tinggi Cairan,91.1
Daun talas segar,59.0,3.0,0.4,13.5,100g,348.1,29.7,8.9,Hindari,Tinggi Kalium & Tinggi Cairan,81.6
Daun Tales,71.0,4.1,2.1,12.3,200g,138.7,39.4,9.4,Batasi,Normal / Seimbang,80.0
Daun Tales rebus,27.0,1.3,0.2,5.9,200g,140.0,28.6,5.4,Batasi,Tinggi Cairan,91.1
Daun tespong segar,70.0,2.9,0.3,13.9,200g,157.1,40.7,7.8,Batasi,Tinggi Cairan,81.4
Daun Ubi Jalar,47.0,2.8,0.4,10.4,100g,424.9,33.3,4.9,Hindari,Tinggi Kalium & Tinggi Cairan,84.9
Daun Ubi Jalar kukus,56.0,3.1,0.3,13.0,100g,366.1,38.8,8.5,Hindari,Tinggi Kalium & Tinggi Cairan,82.1
Daun ubi kuning segar,62.0,3.7,0.3,11.1,100g,373.9,43.1,5.5,Hindari,Tinggi Kalium & Tinggi Cairan,83.4
Daun ubi merah kukus,56.0,3.1,0.3,13.0,100g,419.5,38.6,10.2,Hindari,Tinggi Kalium & Tinggi Cairan,82.1
Daun ubi merah segar,48.0,3.0,0.3,10.8,100g,388.0,40.3,9.1,Hindari,Tinggi Kalium & Tinggi Cairan,84.4
Daun ubi putih segar,46.0,2.8,0.2,8.2,100g,386.0,40.2,10.7,Hindari,Tinggi Kalium & Tinggi Cairan,87.3
Daun ubi tinta segar,55.0,1.7,0.1,11.9,100g,386.3,35.5,7.8,Hindari,Tinggi Kalium & Tinggi Cairan,84.8
Deblo ,260.0,2.0,15.0,53.0,100g,84.7,38.6,19.2,Aman,Rendah Kalium,28.5
Dendeng belut goreng,382.0,55.7,14.1,8.0,30g,565.5,681.6,634.3,Hindari,Tinggi Kalium & Tinggi Fosfor & Tinggi Natrium,8.0
Dendeng Daging Sapi,433.0,55.0,9.0,0.0,30g,549.4,606.5,645.6,Hindari,Tinggi Kalium & Tinggi Fosfor & Tinggi Natrium,34.5
Dendeng mujahir goreng,598.0,74.3,26.9,9.2,30g,637.0,802.2,772.3,Hindari,Tinggi Kalium & Tinggi Fosfor & Tinggi Natrium,0.0
Dideh darah ayam,77.0,13.8,1.9,0.7,100g,334.9,253.5,55.7,Hindari,Tinggi Kalium & Tinggi Fosfor & Tinggi Cairan,82.1
Dideh darah sapi,104.0,21.9,1.1,0.0,100g,410.5,324.8,63.2,Hindari,Tinggi Kalium & Tinggi Fosfor,75.5
Djibokum masakan,248.0,10.0,2.3,40.9,100g,96.6,81.7,3.8,Aman,Rendah Kalium,45.3
Dodol,395.0,3.0,5.7,81.2,100g,86.0,43.0,8.0,Aman,Rendah Kalium,8.6
Dodol bali,298.0,3.7,2.1,65.9,100g,82.1,66.0,14.6,Aman,Rendah Kalium,26.8
Dodol banjarmasin,368.0,2.6,8.6,70.0,100g,77.5,162.8,778.6,Hindari,Rendah Kalium & Tinggi Natrium,17.3
Dodol galamai,348.0,0.4,3.8,76.1,100g,71.7,42.4,13.6,Aman,Rendah Kalium,18.2
Dodol kedondong,331.0,1.9,7.6,63.8,100g,84.3,48.6,16.2,Aman,Rendah Kalium,25.2
Dodol manado,373.0,4.3,16.5,51.9,100g,76.5,64.9,12.8,Aman,Rendah Kalium,25.8
Dodonkol ,17.5,3.3,2.3,39.5,100g,89.0,44.3,18.9,Aman,Rendah Kalium,53.4
Domba daging gemuk segar,317.0,15.7,27.7,0.0,100g,350.3,259.9,61.1,Hindari,Tinggi Kalium & Tinggi Fosfor,55.1
Domba daging kurus  segar,202.0,17.1,14.8,0.0,100g,347.6,283.3,69.2,Hindari,Tinggi Kalium & Tinggi Fosfor,66.6
Domba ginjal segar,100.0,16.6,3.3,1.0,100g,98.9,109.5,20.6,Batasi,Rendah Kalium,77.6
Duku,63.0,1.0,0.2,16.1,100g,68.8,43.0,12.2,Batasi,Rendah Kalium & Tinggi Cairan,81.2
Durian,134.0,2.5,3.0,28.0,100g,362.6,20.1,1.2,Hindari,Tinggi Kalium,65.0
Duwet segar,80.0,0.5,0.6,18.2,100g,52.0,23.9,13.6,Batasi,Rendah Kalium,79.2
Eceng Gondok,18.0,1.0,0.2,3.8,100g,55.2,35.6,18.3,Batasi,Rendah Kalium & Tinggi Cairan,93.5
Embacang,98.0,1.4,0.2,25.4,100g,50.3,29.6,12.9,Aman,Rendah Kalium,71.5
Empal (daging) Goreng masakan,248.0,36.2,6.9,10.1,100g,480.0,441.7,61.3,Hindari,Tinggi Kalium & Tinggi Fosfor,8.0
Empal Goreng,590.0,18.5,57.0,0.0,100g,383.3,288.3,63.6,Hindari,Tinggi Kalium & Tinggi Fosfor,8.0
Emping (kerupuk melinjo),345.0,12.0,1.5,71.5,30g,122.7,238.7,832.9,Hindari,Tinggi Fosfor & Tinggi Natrium,8.0
Emping beras,403.0,10.6,2.2,85.3,100g,111.2,85.9,14.0,Aman,Normal / Seimbang,0.4
Emping komak,355.0,17.8,4.6,60.7,100g,133.7,110.7,9.3,Batasi,Normal / Seimbang,15.4
Encung asam segar,122.0,3.5,4.5,17.5,100g,64.0,60.1,14.2,Aman,Rendah Kalium,73.0
Enting-enting gepuk hello kity,538.0,13.6,30.3,52.6,100g,110.7,102.4,1.0,Batasi,Normal / Seimbang,2.0
Enting-enting gepuk kacang tanah,524.0,13.3,29.2,52.0,100g,581.7,300.3,13.6,Hindari,Tinggi Kalium & Tinggi Fosfor,4.0
Enting-enting wijen,565.0,18.2,38.4,36.8,100g,574.0,346.2,19.6,Hindari,Tinggi Kalium & Tinggi Fosfor,5.1
Erbis,70.0,0.6,0.0,18.9,100g,50.9,40.5,11.8,Batasi,Rendah Kalium,79.0
Es krim,210.0,4.0,12.5,20.6,200g,71.1,53.6,6.9,Aman,Rendah Kalium,61.4
Es Krim (Coconut milk) ,156.7,3.0,1.7,32.7,200g,76.6,44.5,5.8,Aman,Rendah Kalium,61.1
Es Mambo ,152.0,0.0,0.0,37.6,200g,56.6,47.0,15.4,Aman,Rendah Kalium,60.9
Es Sirup ,44.8,0.0,0.0,11.3,200g,46.7,32.2,10.7,Batasi,Rendah Kalium & Tinggi Cairan,87.2
Fillet o-fish,270.0,12.3,15.9,19.3,100g,112.4,93.4,13.7,Aman,Normal / Seimbang,51.0
Gadeng/Gadung kering,322.0,2.4,0.6,76.6,100g,234.3,36.8,7.5,Batasi,Normal / Seimbang,8.0
Gado-gado,137.0,6.1,3.2,21.0,100g,73.2,61.9,11.9,Aman,Rendah Kalium,68.2
Gadung kukus,88.0,0.8,0.3,20.9,100g,163.8,28.8,9.5,Batasi,Normal / Seimbang,76.5
Gadung mentah,101.0,2.1,0.2,23.2,100g,156.9,34.8,4.0,Batasi,Normal / Seimbang,73.0
Gadung ubi kukus,88.0,0.6,0.3,20.9,100g,420.5,29.1,10.0,Hindari,Tinggi Kalium,76.7
Gadung ubi segar,100.0,0.9,0.3,23.5,100g,329.9,37.4,7.7,Hindari,Tinggi Kalium,73.8
Gambas (Oyong),18.0,0.8,0.2,4.1,100g,58.3,30.3,14.5,Batasi,Rendah Kalium & Tinggi Cairan,93.4
Gambas lodeh,13.0,0.3,0.6,1.6,100g,38.3,31.4,19.7,Batasi,Rendah Kalium & Tinggi Cairan,96.0
Gandaria,68.0,0.7,0.1,18.0,100g,53.1,39.9,15.5,Batasi,Rendah Kalium,79.7
Ganyong kukus,100.0,0.8,0.2,23.8,100g,164.5,29.2,8.7,Batasi,Normal / Seimbang,73.7
Ganyong mentah,95.0,1.0,0.1,22.6,100g,186.0,29.3,8.4,Batasi,Normal / Seimbang,74.8
Ganyong rebus,100.0,0.8,0.2,23.8,100g,171.2,33.0,10.4,Batasi,Normal / Seimbang,73.7
Ganyong segar,77.0,0.6,0.2,18.4,100g,159.7,23.1,11.3,Batasi,Normal / Seimbang,79.3
Gaplek,338.0,1.5,0.7,81.3,100g,73.6,44.2,9.0,Aman,Rendah Kalium,15.0
Gatep segar,191.0,4.5,1.5,39.7,100g,76.1,57.9,13.3,Aman,Rendah Kalium,52.8
Gatot,347.0,1.3,0.7,83.8,100g,86.4,53.8,13.8,Aman,Rendah Kalium,12.7
Geblek,195.0,0.4,1.7,44.4,100g,62.2,44.5,16.8,Aman,Rendah Kalium,52.0
Gelatine,389.0,0.0,0.0,91.0,100g,71.6,39.8,14.8,Aman,Rendah Kalium,7.5
Gembili,95.0,1.5,0.1,22.4,100g,56.8,52.8,11.4,Aman,Rendah Kalium,74.5
Gembili ubi segar,131.0,1.1,0.2,31.3,100g,419.5,29.3,8.0,Hindari,Tinggi Kalium,65.9
Gemblong,274.0,1.7,5.4,55.5,100g,64.4,31.1,18.4,Aman,Rendah Kalium,35.9
Gendar goreng,407.0,6.4,28.2,32.0,100g,73.4,55.9,3.4,Aman,Rendah Kalium,8.0
Genjer segar,35.0,1.7,0.2,7.7,100g,48.9,32.1,18.6,Batasi,Rendah Kalium & Tinggi Cairan,88.9
Geplak,350.0,1.4,14.4,53.6,100g,79.4,35.8,21.0,Aman,Rendah Kalium,29.1
Geplak jahe,462.0,3.1,24.4,57.7,100g,86.8,46.4,2.0,Aman,Rendah Kalium,13.3
Gete kuah asam masakan,75.0,8.2,2.0,6.0,200g,94.4,60.8,5.4,Batasi,Rendah Kalium & Tinggi Cairan,82.3
Getuk goreng,360.0,1.3,6.4,74.3,100g,87.5,60.4,17.5,Aman,Rendah Kalium,8.0
Getuk Lindri ,171.4,4.0,4.0,32.0,100g,76.3,57.8,15.4,Aman,Rendah Kalium,58.5
Getuk pisang,144.0,1.1,0.4,34.1,100g,378.9,15.6,2.1,Hindari,Tinggi Kalium,62.9
Getuk singkong,204.0,0.5,1.4,47.4,100g,443.8,24.2,7.4,Hindari,Tinggi Kalium,49.2
Ginjal Babi,114.0,16.3,4.6,0.8,100g,315.8,271.1,57.1,Hindari,Tinggi Kalium & Tinggi Fosfor,76.8
Ginjal Domba,105.0,16.6,3.3,1.0,100g,94.7,111.1,17.6,Batasi,Rendah Kalium,77.6
Ginjal Sapi,141.0,15.0,8.1,0.9,100g,360.9,243.7,57.1,Hindari,Tinggi Kalium & Tinggi Fosfor,74.5
Gudeg ,53.0,1.6,1.6,8.8,100g,61.6,34.3,11.1,Batasi,Rendah Kalium & Tinggi Cairan,86.5
Gudeg sayur,160.0,3.3,9.2,16.0,100g,155.8,36.0,8.2,Batasi,Normal / Seimbang,70.0
Gula Aren,368.0,0.0,0.0,95.0,100g,72.3,30.2,13.3,Aman,Rendah Kalium,3.5
Gula Kelapa,386.0,3.0,10.0,76.0,100g,389.7,20.8,2.0,Hindari,Tinggi Kalium,8.0
Gula Merah Tebu belum dimurnikan,356.0,0.4,0.5,90.6,100g,273.2,155.7,75.9,Batasi,Normal / Seimbang,7.0
Gula putih,394.0,0.0,0.0,94.0,100g,83.6,31.6,12.5,Aman,Rendah Kalium,4.5
Gulai asam keueung masakan,52.0,10.0,0.5,1.8,100g,85.1,80.4,12.2,Aman,Rendah Kalium,8.0
Gulai ikan masakan,106.0,16.5,3.3,2.5,100g,336.7,265.8,53.8,Hindari,Tinggi Kalium & Tinggi Fosfor,8.0
Gulai ikan paya masakan,148.0,10.0,9.8,5.0,100g,350.0,210.1,59.5,Hindari,Tinggi Kalium & Tinggi Fosfor,8.0
Gulai kambing,126.0,4.2,9.4,6.2,100g,268.7,192.2,62.6,Batasi,Normal / Seimbang,8.0
Gulai keumamah masakan,110.0,5.9,8.2,3.2,100g,76.9,56.2,13.1,Aman,Rendah Kalium,8.0
Gulai pakis,143.0,4.0,11.4,6.0,100g,54.7,70.2,7.2,Aman,Rendah Kalium,8.0
Gulai pliek,176.0,7.3,14.9,3.2,100g,74.3,72.9,13.7,Aman,Rendah Kalium,8.0
Gulai tiram masakan,132.0,9.0,7.2,7.8,100g,78.1,74.5,12.2,Aman,Rendah Kalium,8.0
Gurame asem manis masakan,192.0,12.7,10.1,12.7,100g,93.4,99.9,20.8,Aman,Rendah Kalium,63.0
Gurandil,218.0,0.5,2.5,48.5,100g,61.7,26.3,11.6,Aman,Rendah Kalium,47.0
Ham,389.0,16.9,35.0,0.3,100g,124.9,104.6,18.6,Batasi,Normal / Seimbang,46.3
Hangop,65.0,10.0,1.0,3.5,100g,94.8,75.6,14.3,Batasi,Rendah Kalium & Tinggi Cairan,84.0
Hati Babi,134.0,19.7,4.8,1.7,100g,400.9,293.2,63.4,Hindari,Tinggi Kalium & Tinggi Fosfor,72.3
Hati Sapi,136.0,19.7,3.2,6.0,100g,356.7,285.6,59.8,Hindari,Tinggi Kalium & Tinggi Fosfor,69.6
Havermout,390.0,14.2,7.4,68.2,100g,112.2,99.2,8.9,Aman,Normal / Seimbang,8.7
Hofa/Ubi hutan segar,127.0,1.2,0.5,29.5,100g,418.9,24.2,8.7,Hindari,Tinggi Kalium,67.3
Ikan asar merah masakan,146.0,17.7,5.9,5.6,100g,374.0,258.8,68.0,Hindari,Tinggi Kalium & Tinggi Fosfor,69.3
Ikan Asin bilis goreng,380.0,33.6,27.5,0.0,100g,469.4,479.9,778.7,Hindari,Tinggi Kalium & Tinggi Fosfor & Tinggi Natrium,8.0
Ikan Asin gabus goreng,456.0,46.5,24.4,0.0,100g,514.6,592.4,780.3,Hindari,Tinggi Kalium & Tinggi Fosfor & Tinggi Natrium,8.0
Ikan Asin japuh goreng,348.0,18.7,29.5,0.0,100g,366.2,364.9,605.6,Hindari,Tinggi Kalium & Tinggi Fosfor & Tinggi Natrium,8.0
Ikan Asin kering,193.0,42.0,1.5,0.0,100g,515.7,580.2,588.8,Hindari,Tinggi Kalium & Tinggi Fosfor & Tinggi Natrium,8.0
Ikan Asin pari goreng,430.0,58.2,23.6,0.0,100g,604.4,703.0,780.8,Hindari,Tinggi Kalium & Tinggi Fosfor & Tinggi Natrium,8.0
Ikan Asin pepetek goreng,652.0,40.4,54.3,0.0,100g,476.0,588.5,798.8,Hindari,Tinggi Kalium & Tinggi Fosfor & Tinggi Natrium,3.8
Ikan Asin sirinding goreng,319.0,6.9,31.7,0.0,100g,282.2,268.2,761.3,Hindari,Tinggi Fosfor & Tinggi Natrium,8.0
Ikan Asin teri goreng,430.0,33.4,32.4,0.0,100g,400.6,536.1,734.2,Hindari,Tinggi Kalium & Tinggi Fosfor & Tinggi Natrium,8.0
Ikan Bader (Tawes),198.0,19.0,13.0,0.0,200g,366.1,291.3,72.4,Hindari,Tinggi Kalium & Tinggi Fosfor,66.5
Ikan balong segar,107.0,16.5,3.9,1.5,100g,344.9,277.0,67.6,Hindari,Tinggi Kalium & Tinggi Fosfor,76.6
Ikan bambangan segar,112.0,20.0,1.3,3.7,100g,356.6,311.9,63.6,Hindari,Tinggi Kalium & Tinggi Fosfor,73.5
Ikan Bandeng,129.0,20.0,4.8,0.0,100g,354.9,306.4,57.8,Hindari,Tinggi Kalium & Tinggi Fosfor,73.7
Ikan bandeng presto masakan,296.0,17.1,20.3,11.3,200g,354.6,278.1,73.7,Hindari,Tinggi Kalium & Tinggi Fosfor,49.8
Ikan banjar segar,111.0,19.4,0.9,4.8,100g,376.2,295.2,71.5,Hindari,Tinggi Kalium & Tinggi Fosfor,73.4
Ikan baronang segar,78.0,14.5,0.6,3.7,100g,367.6,265.4,65.1,Hindari,Tinggi Kalium & Tinggi Fosfor,79.7
Ikan baung bakar,144.0,17.8,5.8,5.2,100g,331.7,270.7,62.6,Hindari,Tinggi Kalium & Tinggi Fosfor,69.7
Ikan baung segar,123.0,15.1,5.5,3.3,100g,330.9,261.0,65.5,Hindari,Tinggi Kalium & Tinggi Fosfor,74.6
Ikan Bawal,96.0,19.0,1.7,0.0,100g,375.1,291.7,68.9,Hindari,Tinggi Kalium & Tinggi Fosfor,77.8
Ikan Bekasang,138.0,14.0,0.7,7.4,100g,338.3,231.3,57.5,Hindari,Tinggi Kalium & Tinggi Fosfor,76.4
Ikan Belida bakar,128.0,18.0,3.0,7.2,100g,356.1,270.5,69.8,Hindari,Tinggi Kalium & Tinggi Fosfor,70.3
Ikan Belida segar,80.0,14.7,1.4,2.2,100g,371.5,274.9,63.3,Hindari,Tinggi Kalium & Tinggi Fosfor & Tinggi Cairan,80.2
Ikan Belut Segar goreng,417.0,25.9,19.4,32.0,100g,432.3,346.0,62.3,Hindari,Tinggi Kalium & Tinggi Fosfor,8.0
Ikan Belut Segar mentah,82.0,6.7,1.0,10.9,100g,284.6,196.6,61.9,Batasi,Normal / Seimbang,79.9
Ikan Beunteur,66.0,14.0,0.0,0.0,100g,340.4,256.9,65.0,Hindari,Tinggi Kalium & Tinggi Fosfor & Tinggi Cairan,84.5
Ikan biawan segar,90.0,14.9,2.5,2.1,100g,350.7,276.0,72.6,Hindari,Tinggi Kalium & Tinggi Fosfor,79.0
Ikan bili segar,88.0,14.2,0.7,6.2,100g,308.4,225.9,72.5,Hindari,Tinggi Kalium & Tinggi Fosfor,77.4
Ikan bubara segar,100.0,14.7,2.4,4.9,100g,313.5,257.6,55.6,Hindari,Tinggi Kalium & Tinggi Fosfor,76.5
Ikan bulan-bulan segar,134.0,25.5,1.3,5.0,100g,364.2,347.7,71.1,Hindari,Tinggi Kalium & Tinggi Fosfor,66.7
Ikan cakalang asap mentah,204.0,34.2,5.6,1.9,100g,436.6,375.4,60.6,Hindari,Tinggi Kalium & Tinggi Fosfor,56.8
Ikan cakalang asin mentah,198.0,36.5,2.2,5.5,100g,468.6,530.5,714.6,Hindari,Tinggi Kalium & Tinggi Fosfor & Tinggi Natrium,54.3
Ikan cakalang hati segar,120.0,11.3,3.9,10.0,100g,324.5,223.1,74.6,Hindari,Tinggi Kalium & Tinggi Fosfor,73.3
Ikan cakalang jantung segar,116.0,11.2,1.2,10.2,100g,318.4,233.7,57.5,Hindari,Tinggi Kalium & Tinggi Fosfor,75.9
Ikan cakalang perut segar,86.0,10.2,1.1,8.7,100g,307.2,215.9,63.6,Hindari,Tinggi Kalium & Tinggi Fosfor,78.5
Ikan cakalang segar,107.0,19.6,0.7,5.5,100g,402.0,280.5,52.1,Hindari,Tinggi Kalium & Tinggi Fosfor,72.7
Ikan calo/ peda mentah,81.0,11.4,1.9,3.8,100g,352.1,233.0,59.6,Hindari,Tinggi Kalium & Tinggi Fosfor & Tinggi Cairan,81.4
Ikan daun segar,101.0,11.5,4.1,4.6,100g,344.0,229.0,79.6,Hindari,Tinggi Kalium & Tinggi Fosfor,78.3
Ikan Ekor Kuning,109.0,17.0,4.0,0.0,100g,367.1,271.6,82.3,Hindari,Tinggi Kalium & Tinggi Fosfor,77.5
Ikan Gabus asap mentah,261.0,38.1,2.3,21.9,100g,457.4,444.7,67.4,Hindari,Tinggi Kalium & Tinggi Fosfor,36.2
Ikan Gabus kering,292.0,58.0,4.0,0.0,100g,605.0,603.7,65.3,Hindari,Tinggi Kalium & Tinggi Fosfor,8.0
Ikan Gabus segar,74.0,25.2,1.7,0.0,100g,383.5,344.5,59.6,Hindari,Tinggi Kalium & Tinggi Fosfor,71.6
Ikan gete goreng,267.0,23.1,19.4,0.2,100g,427.3,324.9,62.1,Hindari,Tinggi Kalium & Tinggi Fosfor,8.0
Ikan hitam segar,101.0,10.3,3.7,6.7,100g,320.3,211.1,57.2,Hindari,Tinggi Kalium & Tinggi Fosfor,77.8
Ikan hiu kering,298.0,46.3,3.6,20.2,100g,538.7,489.4,56.6,Hindari,Tinggi Kalium & Tinggi Fosfor,8.0
Ikan hiu segar,57.0,10.7,0.3,2.2,100g,329.6,244.5,70.8,Hindari,Tinggi Kalium & Tinggi Fosfor & Tinggi Cairan,85.3
Ikan kacangan segar,77.0,15.6,0.9,1.6,100g,600.9,333.4,9.3,Hindari,Tinggi Kalium & Tinggi Fosfor & Tinggi Cairan,80.4
Ikan kakap segar,92.0,20.0,0.7,0.0,100g,400.0,296.1,63.0,Hindari,Tinggi Kalium & Tinggi Fosfor,77.8
Ikan kakatua segar,82.0,11.4,1.2,6.4,100g,349.3,242.2,68.6,Hindari,Tinggi Kalium & Tinggi Fosfor,79.5
Ikan kapar segar,132.0,17.0,6.7,0.8,100g,396.8,269.8,72.4,Hindari,Tinggi Kalium & Tinggi Fosfor,74.0
Ikan katombo asin,162.0,31.7,2.8,0.3,100g,435.5,514.4,788.2,Hindari,Tinggi Kalium & Tinggi Fosfor & Tinggi Natrium,63.7
Ikan kawalinya segar,110.0,12.6,4.2,5.4,100g,350.8,240.1,58.3,Hindari,Tinggi Kalium & Tinggi Fosfor,76.3
Ikan kayu kering,302.0,70.7,1.9,0.4,100g,628.0,656.7,81.4,Hindari,Tinggi Kalium & Tinggi Fosfor,8.0
Ikan Kembung,103.0,22.0,1.0,0.0,100g,358.9,312.3,62.8,Hindari,Tinggi Kalium & Tinggi Fosfor,75.5
Ikan kima segar,70.0,10.8,0.7,5.2,100g,325.5,240.8,71.9,Hindari,Tinggi Kalium & Tinggi Fosfor & Tinggi Cairan,81.8
Ikan Lais bakar,147.0,17.5,6.5,5.4,100g,344.6,279.2,67.3,Hindari,Tinggi Kalium & Tinggi Fosfor,69.1
Ikan Layang,109.0,22.0,1.7,0.0,100g,376.0,334.3,68.9,Hindari,Tinggi Kalium & Tinggi Fosfor,74.8
Ikan layur segar,82.0,18.0,1.0,0.4,100g,373.7,293.0,74.4,Hindari,Tinggi Kalium & Tinggi Fosfor,79.1
Ikan lehoma segar,90.0,20.4,0.9,0.0,100g,375.8,287.4,68.2,Hindari,Tinggi Kalium & Tinggi Fosfor,77.2
Ikan Lele goreng,252.0,19.9,19.1,0.0,100g,356.4,292.9,69.7,Hindari,Tinggi Kalium & Tinggi Fosfor,8.0
Ikan Lemuru,112.0,20.0,3.0,0.0,100g,394.8,300.3,67.5,Hindari,Tinggi Kalium & Tinggi Fosfor,75.5
Ikan lidah segar,104.0,15.6,3.2,2.0,100g,379.8,269.9,85.8,Hindari,Tinggi Kalium & Tinggi Fosfor,77.7
Ikan lomak asin mentah,258.0,40.3,2.3,18.9,100g,493.0,573.4,766.8,Hindari,Tinggi Kalium & Tinggi Fosfor & Tinggi Natrium,37.0
Ikan malalugis segar,99.0,20.6,1.4,0.9,100g,386.8,302.8,55.2,Hindari,Tinggi Kalium & Tinggi Fosfor,75.6
Ikan Mas,86.0,16.0,2.0,0.0,100g,343.8,259.8,60.4,Hindari,Tinggi Kalium & Tinggi Fosfor & Tinggi Cairan,80.5
Ikan Mas goreng,188.0,19.3,12.2,0.0,100g,377.9,314.8,68.2,Hindari,Tinggi Kalium & Tinggi Fosfor,8.0
Ikan Mas pepes,209.0,15.2,11.3,11.8,200g,319.7,269.3,74.6,Hindari,Tinggi Kalium & Tinggi Fosfor,60.2
Ikan mayong segar,97.0,17.9,2.0,0.4,100g,346.3,282.6,65.1,Hindari,Tinggi Kalium & Tinggi Fosfor,78.2
Ikan Mujair dendeng goreng,598.0,74.3,26.9,9.2,30g,653.0,802.8,764.4,Hindari,Tinggi Kalium & Tinggi Fosfor & Tinggi Natrium,0.0
Ikan Mujair dendeng mentah,582.0,68.3,15.2,37.2,30g,626.9,770.9,919.3,Hindari,Tinggi Kalium & Tinggi Fosfor & Tinggi Natrium,0.0
Ikan Mujair goreng,416.0,46.9,23.9,0.0,100g,522.4,512.9,53.7,Hindari,Tinggi Kalium & Tinggi Fosfor,8.0
Ikan Mujair pepes,121.0,21.7,2.8,0.8,200g,344.1,294.4,75.1,Hindari,Tinggi Kalium & Tinggi Fosfor,73.2
Ikan Mujair segar,89.0,18.7,1.0,0.0,100g,351.8,320.9,60.5,Hindari,Tinggi Kalium & Tinggi Fosfor,78.8
Ikan nasu metti segar,154.0,16.8,5.0,10.5,100g,356.1,294.5,81.0,Hindari,Tinggi Kalium & Tinggi Fosfor,66.2
Ikan oci kembung segar,125.0,21.3,3.4,2.2,100g,418.4,324.3,73.2,Hindari,Tinggi Kalium & Tinggi Fosfor,71.6
Ikan Papuyu bakar,152.0,17.6,6.1,6.7,100g,368.7,291.3,60.6,Hindari,Tinggi Kalium & Tinggi Fosfor,68.1
Ikan papuyu/ betok segar,120.0,14.3,4.9,4.6,100g,322.3,257.2,63.6,Hindari,Tinggi Kalium & Tinggi Fosfor,74.7
Ikan Patin bakar,144.0,17.5,6.3,4.3,100g,347.2,289.6,72.6,Hindari,Tinggi Kalium & Tinggi Fosfor,70.4
Ikan Patin segar,132.0,17.0,6.6,1.1,100g,355.3,295.2,55.9,Hindari,Tinggi Kalium & Tinggi Fosfor,73.8
Ikan peda banjar mentah,156.0,28.0,4.0,2.0,100g,410.1,351.4,50.1,Hindari,Tinggi Kalium & Tinggi Fosfor,64.5
Ikan Pepetek,176.0,32.0,4.4,0.0,100g,434.3,388.5,77.1,Hindari,Tinggi Kalium & Tinggi Fosfor,62.1
Ikan Pindang banjar mentah,157.0,28.0,4.2,1.8,100g,426.6,472.3,876.4,Hindari,Tinggi Kalium & Tinggi Fosfor & Tinggi Natrium,64.5
Ikan Pindang benggol mentah,170.0,31.0,4.2,0.0,100g,426.0,528.1,842.7,Hindari,Tinggi Kalium & Tinggi Fosfor & Tinggi Natrium,63.3
Ikan Pindang layang mentah,153.0,30.0,2.8,0.0,100g,455.9,434.9,722.9,Hindari,Tinggi Kalium & Tinggi Fosfor & Tinggi Natrium,65.7
Ikan Pindang selar mentah,142.0,27.0,3.0,0.0,100g,415.0,473.6,519.9,Hindari,Tinggi Kalium & Tinggi Fosfor & Tinggi Natrium,68.5
Ikan sale lais mentah,415.0,61.3,17.6,2.9,100g,586.5,595.7,42.0,Hindari,Tinggi Kalium & Tinggi Fosfor,16.7
Ikan Sale segar,534.0,40.2,39.3,4.9,100g,480.5,472.8,78.3,Hindari,Tinggi Kalium & Tinggi Fosfor,14.1
Ikan saluang kering mentah,284.0,34.1,9.9,14.6,100g,438.4,398.5,68.8,Hindari,Tinggi Kalium & Tinggi Fosfor,8.0
Ikan saluang segar,113.0,13.9,4.9,3.4,100g,316.5,257.9,71.1,Hindari,Tinggi Kalium & Tinggi Fosfor,76.3
Ikan sanggang masakan,240.0,21.7,7.7,20.7,100g,403.9,311.5,63.4,Hindari,Tinggi Kalium & Tinggi Fosfor,48.4
Ikan sarden segar,109.0,19.9,1.8,3.4,100g,351.9,422.2,757.3,Hindari,Tinggi Kalium & Tinggi Fosfor & Tinggi Natrium,73.4
Ikan Segar,113.0,17.0,4.5,0.0,100g,337.4,295.4,62.8,Hindari,Tinggi Kalium & Tinggi Fosfor,77.0
Ikan Selar kering,194.0,38.0,3.5,0.0,100g,468.6,426.0,45.6,Hindari,Tinggi Kalium & Tinggi Fosfor,8.0
Ikan selar kuning cue mentah,138.0,27.0,3.3,0.0,100g,426.2,361.3,62.7,Hindari,Tinggi Kalium & Tinggi Fosfor,68.2
Ikan selar segar,100.0,18.8,2.2,0.0,100g,364.7,297.2,52.5,Hindari,Tinggi Kalium & Tinggi Fosfor,77.5
Ikan Sepat kering,289.0,38.0,14.0,0.0,100g,458.4,444.5,55.0,Hindari,Tinggi Kalium & Tinggi Fosfor,8.0
Ikan sepat segar,84.0,15.2,0.6,4.7,100g,349.5,247.7,68.7,Hindari,Tinggi Kalium & Tinggi Fosfor,78.0
Ikan sidat segar,81.0,11.4,1.9,3.8,100g,322.0,216.1,74.3,Hindari,Tinggi Kalium & Tinggi Fosfor & Tinggi Cairan,81.4
Ikan sunu asin mentah,199.0,34.1,3.8,7.1,100g,432.9,480.6,854.4,Hindari,Tinggi Kalium & Tinggi Fosfor & Tinggi Natrium,53.5
Ikan sunu segar,111.0,13.3,3.4,6.7,100g,334.4,254.9,70.5,Hindari,Tinggi Kalium & Tinggi Fosfor,75.1
Ikan tahuman segar,88.0,15.9,0.9,4.1,100g,583.4,341.7,11.7,Hindari,Tinggi Kalium & Tinggi Fosfor,77.6
Ikan tarmon segar,96.0,19.5,1.1,2.0,100g,369.0,283.4,41.6,Hindari,Tinggi Kalium & Tinggi Fosfor,75.9
Ikan telan segar,95.0,15.8,0.7,6.5,100g,355.6,279.3,46.1,Hindari,Tinggi Kalium & Tinggi Fosfor,75.5
Ikan telur asin mentah,358.0,20.7,26.4,9.4,100g,353.7,404.5,734.0,Hindari,Tinggi Kalium & Tinggi Fosfor & Tinggi Natrium,42.0
Ikan Tembang,204.0,16.0,15.0,0.0,100g,344.3,286.5,59.8,Hindari,Tinggi Kalium & Tinggi Fosfor,67.5
Ikan tempahas segar,101.0,15.1,4.1,1.0,100g,327.1,257.5,57.4,Hindari,Tinggi Kalium & Tinggi Fosfor,78.3
Ikan tepung mentah,316.0,60.1,6.5,22.4,100g,593.0,620.2,67.6,Hindari,Tinggi Kalium & Tinggi Fosfor,8.0
Ikan terbang segar,98.0,19.6,1.7,1.0,100g,362.8,293.5,52.5,Hindari,Tinggi Kalium & Tinggi Fosfor,76.2
Ikan Teri bubuk,277.0,60.0,2.3,1.8,100g,607.7,599.1,63.6,Hindari,Tinggi Kalium & Tinggi Fosfor,34.4
Ikan Teri kering,170.0,33.4,3.0,0.0,100g,507.6,404.1,59.0,Hindari,Tinggi Kalium & Tinggi Fosfor,8.0
Ikan Teri Kering tawar,331.0,68.7,4.2,0.0,100g,629.3,679.0,65.9,Hindari,Tinggi Kalium & Tinggi Fosfor,8.0
Ikan Teri Nasi kering,144.0,32.5,0.6,0.0,150g,410.0,404.8,59.7,Hindari,Tinggi Kalium & Tinggi Fosfor,8.0
Ikan teri segar,74.0,10.3,1.4,4.1,100g,354.1,240.2,61.4,Hindari,Tinggi Kalium & Tinggi Fosfor & Tinggi Cairan,82.7
Ikan Teri tepung,347.0,48.8,6.4,19.6,100g,554.0,516.8,71.8,Hindari,Tinggi Kalium & Tinggi Fosfor,8.0
Ikan titang segar,82.0,17.4,0.4,2.3,100g,365.4,270.3,59.9,Hindari,Tinggi Kalium & Tinggi Fosfor,78.4
Ikan tongkol segar,100.0,13.7,1.5,8.0,100g,355.9,248.7,61.8,Hindari,Tinggi Kalium & Tinggi Fosfor,75.3
Ikan turi segar,96.0,19.2,2.0,0.2,100g,346.5,299.1,81.5,Hindari,Tinggi Kalium & Tinggi Fosfor,77.1
Intip goreng,474.0,7.6,21.6,62.3,100g,88.0,69.4,17.6,Aman,Rendah Kalium,7.0
Itik alabio daging dendeng mentah,496.0,30.3,33.5,18.4,30g,425.1,488.0,757.9,Hindari,Tinggi Kalium & Tinggi Fosfor & Tinggi Natrium,16.3
Jagung grontol,156.0,2.7,1.3,33.3,100g,75.7,56.6,22.4,Aman,Rendah Kalium,61.2
Jagung Kuning giling,361.0,8.7,4.5,72.4,100g,109.0,76.8,12.8,Aman,Normal / Seimbang,12.9
Jagung Kuning muda,129.0,4.1,1.3,30.3,100g,68.6,56.2,10.8,Aman,Rendah Kalium,62.8
Jagung Kuning pipil baru,307.0,7.9,3.4,63.6,100g,99.4,81.1,8.0,Aman,Rendah Kalium,23.6
Jagung kuning pipil kering mentah,366.0,9.8,7.3,69.1,100g,116.1,89.6,11.5,Aman,Normal / Seimbang,8.0
Jagung Kuning pipil lama,355.0,9.2,3.9,73.7,100g,89.7,71.5,17.2,Aman,Rendah Kalium,11.7
Jagung kuning pipil rebus,154.0,3.8,3.5,28.4,100g,163.8,38.1,7.0,Batasi,Normal / Seimbang,62.8
Jagung Kuning segar,140.0,4.7,1.3,33.1,100g,81.4,60.5,11.0,Aman,Rendah Kalium,59.4
Jagung kuning tepung,355.0,9.2,3.9,73.7,100g,103.7,73.3,8.3,Aman,Normal / Seimbang,8.0
Jagung muda,35.0,2.2,0.1,7.4,100g,68.6,42.3,16.9,Batasi,Rendah Kalium & Tinggi Cairan,88.8
Jagung muda kuning mentah,147.0,5.1,0.7,31.5,100g,87.6,65.9,10.3,Aman,Rendah Kalium,61.2
Jagung muda rebus,142.0,5.0,0.7,30.3,100g,171.2,47.4,6.2,Batasi,Normal / Seimbang,62.5
Jagung pipil var. harapan kering,367.0,6.2,5.1,76.2,100g,99.8,53.5,16.8,Aman,Rendah Kalium,8.0
Jagung pipil var. metro kering,368.0,5.5,4.6,78.0,100g,91.7,61.4,13.1,Aman,Rendah Kalium,8.0
Jagung Putih giling,361.0,8.7,4.5,72.4,100g,102.3,78.8,10.1,Aman,Normal / Seimbang,12.9
Jagung Putih muda,129.0,4.1,1.3,30.3,100g,78.4,42.7,12.5,Aman,Rendah Kalium,62.8
Jagung Putih pipil baru,307.0,7.9,3.4,63.6,100g,113.6,62.5,9.3,Aman,Normal / Seimbang,23.6
Jagung Putih pipil lama,355.0,9.2,3.9,73.7,100g,110.8,77.8,13.4,Aman,Normal / Seimbang,11.7
Jagung Putih segar,140.0,4.7,1.3,33.1,100g,78.6,61.2,16.4,Aman,Rendah Kalium,59.4
Jagung Rebus ,175.0,1.8,1.8,35.0,100g,176.9,32.1,9.3,Batasi,Normal / Seimbang,59.9
Jagung Sayur (tumis) ,148.9,10.4,10.4,20.1,100g,176.9,71.3,6.1,Batasi,Normal / Seimbang,57.6
Jagung titi,374.0,9.4,2.2,79.1,100g,118.4,76.3,3.3,Aman,Normal / Seimbang,7.8
Jahe,51.0,1.5,1.0,10.1,100g,61.1,37.5,11.6,Batasi,Rendah Kalium & Tinggi Cairan,85.9
Jali,289.0,11.0,4.0,61.0,100g,110.6,86.0,14.8,Aman,Normal / Seimbang,22.5
Jam selai,239.0,0.5,0.6,64.5,100g,69.1,41.4,11.0,Aman,Rendah Kalium,32.9
Jambal goreng,286.0,48.5,9.2,2.3,100g,221.6,258.2,8.3,Hindari,Tinggi Fosfor,8.0
Jambu Air,46.0,0.6,0.0,11.8,100g,116.9,11.9,2.6,Batasi,Tinggi Cairan,86.1
Jambu Biji,49.0,0.9,0.3,12.2,100g,111.5,19.8,1.8,Batasi,Tinggi Cairan,85.1
Jambu biji putih tidak berbiji,61.0,0.9,0.3,15.4,100g,108.0,14.2,1.8,Batasi,Tinggi Cairan,81.9
Jambu Bol,56.0,0.6,0.3,14.2,100g,116.3,8.7,1.2,Batasi,Tinggi Cairan,83.4
Jambu Monyet buah,64.0,0.7,0.6,15.8,100g,102.5,16.6,3.4,Batasi,Tinggi Cairan,81.4
Jampang huma mentah,350.0,6.2,1.4,78.2,100g,97.1,61.5,12.3,Aman,Rendah Kalium,12.7
Jamur Coklat (kulat siau),45.0,2.5,3.9,0.0,100g,63.0,38.8,13.0,Batasi,Rendah Kalium & Tinggi Cairan,92.1
Jamur encik,296.0,9.4,1.1,62.0,100g,110.5,81.3,12.8,Aman,Normal / Seimbang,26.0
Jamur kuping kering,294.0,16.0,0.9,64.6,100g,134.8,85.4,14.7,Aman,Normal / Seimbang,8.0
Jamur kuping segar,21.0,3.8,0.6,0.9,100g,53.4,37.5,14.0,Batasi,Rendah Kalium & Tinggi Cairan,93.2
Jamur merang segar,30.0,3.5,0.2,4.0,100g,69.8,49.7,15.8,Batasi,Rendah Kalium & Tinggi Cairan,90.8
Jamur Putih (kulat putih),48.0,2.8,4.1,2.9,100g,68.9,58.1,18.6,Batasi,Rendah Kalium & Tinggi Cairan,88.7
Jamur sagu,48.0,1.9,3.2,2.8,100g,58.7,44.2,5.6,Batasi,Rendah Kalium & Tinggi Cairan,90.6
Jamur tiram segar,30.0,1.9,0.1,5.5,100g,51.9,36.8,20.7,Batasi,Rendah Kalium & Tinggi Cairan,91.0
Jangang bintatoeng masakan,107.0,5.3,2.2,16.5,100g,68.7,59.8,14.2,Aman,Rendah Kalium,74.5
Jantung Pisang segar,31.0,1.2,0.3,7.1,100g,338.5,20.1,1.5,Hindari,Tinggi Kalium & Tinggi Cairan,89.9
Japilus,500.0,1.2,25.1,67.3,30g,77.7,143.5,583.3,Hindari,Rendah Kalium & Tinggi Natrium,4.9
Jaruk Tigarun,48.0,2.5,4.2,0.0,100g,50.3,40.7,6.4,Batasi,Rendah Kalium & Tinggi Cairan,91.8
Jawawut,334.0,9.7,3.5,73.4,100g,107.6,66.6,15.0,Aman,Normal / Seimbang,11.9
Jenang ,381.7,9.5,9.5,65.8,100g,105.2,66.1,10.8,Aman,Normal / Seimbang,13.7
Jengkol segar,192.0,5.4,0.3,40.7,100g,74.2,61.9,17.4,Aman,Rendah Kalium,52.1
Jeruk Bali,48.0,0.6,0.2,12.4,100g,93.7,13.8,1.9,Batasi,Rendah Kalium & Tinggi Cairan,85.3
Jeruk banjar segar,61.0,0.8,0.2,14.1,100g,115.2,14.6,1.4,Batasi,Tinggi Cairan,83.4
Jeruk Garut,44.0,0.8,0.3,10.9,100g,105.1,11.6,2.9,Batasi,Tinggi Cairan,86.5
Jeruk Kalamansi segar,39.0,0.3,0.3,8.9,100g,106.4,18.5,2.0,Batasi,Tinggi Cairan,89.0
Jeruk Manis,45.0,0.9,0.2,11.2,100g,102.2,9.7,1.0,Batasi,Tinggi Cairan,86.2
Jeruk Nipis,37.0,0.8,0.1,12.3,100g,95.9,14.8,2.4,Batasi,Rendah Kalium & Tinggi Cairan,85.3
Jeruk ragi segar,49.0,0.7,0.2,11.1,100g,95.1,16.4,1.6,Batasi,Rendah Kalium & Tinggi Cairan,86.5
Jotang,32.0,1.9,0.3,7.1,100g,140.3,40.0,9.8,Batasi,Tinggi Cairan,89.2
Jukku pallu kaloa masakan,15.0,15.2,4.3,8.8,100g,99.6,96.3,3.4,Aman,Rendah Kalium,70.2
Kabau segar,130.0,6.7,0.3,25.2,100g,72.8,63.5,8.1,Aman,Rendah Kalium,66.3
Kaburan ubi segar,133.0,1.0,0.2,32.2,100g,414.7,29.8,7.6,Hindari,Tinggi Kalium,65.1
Kabuto,250.0,2.6,2.5,35.4,100g,63.1,48.0,13.8,Aman,Rendah Kalium,58.0
Kacang Andong,356.0,20.5,4.1,61.6,100g,597.7,405.2,14.6,Hindari,Tinggi Kalium & Tinggi Fosfor,12.3
Kacang Arab,330.0,23.8,1.4,60.2,100g,658.5,421.0,15.9,Hindari,Tinggi Kalium & Tinggi Fosfor,13.1
Kacang atom,533.0,27.8,38.1,28.8,100g,721.8,446.7,12.6,Hindari,Tinggi Kalium & Tinggi Fosfor,3.8
Kacang babi kering,341.0,30.4,3.2,51.3,100g,733.0,446.0,15.4,Hindari,Tinggi Kalium & Tinggi Fosfor,8.0
Kacang belimbing (kecipir) kering,400.0,34.4,16.9,34.1,100g,763.2,492.1,14.5,Hindari,Tinggi Kalium & Tinggi Fosfor,8.0
Kacang Belimbing rebus,204.0,16.9,8.8,17.5,100g,542.0,347.0,15.4,Hindari,Tinggi Kalium & Tinggi Fosfor,55.3
Kacang Belimbing tempe,212.0,17.5,10.0,12.9,100g,599.0,344.6,20.1,Hindari,Tinggi Kalium & Tinggi Fosfor,58.1
Kacang beracun segar,118.0,4.4,1.5,21.6,100g,442.3,269.7,16.7,Hindari,Tinggi Kalium & Tinggi Fosfor,71.0
Kacang Bogor goreng,479.0,12.7,23.2,58.9,100g,530.8,348.2,10.2,Hindari,Tinggi Kalium & Tinggi Fosfor,3.7
Kacang bogor kering,370.0,16.0,6.0,65.0,100g,603.0,363.0,12.3,Hindari,Tinggi Kalium & Tinggi Fosfor,8.0
Kacang Bogor rebus,161.0,7.7,2.8,27.1,100g,531.8,277.8,16.2,Hindari,Tinggi Kalium & Tinggi Fosfor,60.9
Kacang bogor segar,165.0,7.7,3.1,27.4,100g,503.5,279.6,18.2,Hindari,Tinggi Kalium & Tinggi Fosfor,60.3
Kacang Endel biji,331.0,25.0,1.0,58.0,100g,689.8,393.8,20.2,Hindari,Tinggi Kalium & Tinggi Fosfor,14.5
Kacang ercis segar,129.0,12.4,0.7,18.3,100g,502.4,334.7,19.5,Hindari,Tinggi Kalium & Tinggi Fosfor,67.1
kacang galing segar,336.0,23.1,1.7,59.5,100g,623.7,398.6,10.6,Hindari,Tinggi Kalium & Tinggi Fosfor,14.2
Kacang goyang,516.0,14.7,31.1,44.4,100g,561.6,333.0,18.1,Hindari,Tinggi Kalium & Tinggi Fosfor,8.3
Kacang Gude biji,336.0,20.7,1.4,62.0,100g,659.8,406.5,12.8,Hindari,Tinggi Kalium & Tinggi Fosfor,14.4
Kacang gude biji kering,316.0,20.7,1.0,58.0,100g,621.8,360.3,11.8,Hindari,Tinggi Kalium & Tinggi Fosfor,8.0
Kacang Gude biji muda,114.0,7.0,0.6,20.8,100g,514.1,300.2,10.1,Hindari,Tinggi Kalium & Tinggi Fosfor,70.1
Kacang Gude muda,123.0,8.4,0.6,1.8,100g,489.2,286.8,16.1,Hindari,Tinggi Kalium & Tinggi Fosfor & Tinggi Cairan,87.7
Kacang gude rebus,147.0,9.0,0.5,27.5,100g,489.8,298.4,13.1,Hindari,Tinggi Kalium & Tinggi Fosfor,61.5
Kacang hijau kering,323.0,22.9,1.5,56.8,100g,648.6,411.4,15.0,Hindari,Tinggi Kalium & Tinggi Fosfor,8.0
kacang hijau rebus,109.0,8.7,0.5,18.3,100g,496.1,288.0,14.6,Hindari,Tinggi Kalium & Tinggi Fosfor,71.0
Kacang hijau var. bakti kering,350.0,17.1,1.8,70.7,100g,581.7,352.9,21.4,Hindari,Tinggi Kalium & Tinggi Fosfor,8.0
Kacang hijau var. siwalik kering,339.0,20.8,2.1,64.6,100g,642.0,382.0,17.8,Hindari,Tinggi Kalium & Tinggi Fosfor,8.0
Kacang hitam kering,346.0,16.6,1.7,66.1,100g,577.7,370.4,16.5,Hindari,Tinggi Kalium & Tinggi Fosfor,8.0
Kacang Ijo,345.0,22.2,1.2,62.9,100g,639.3,404.3,8.7,Hindari,Tinggi Kalium & Tinggi Fosfor,12.2
Kacang Kapri Goreng ,445.0,11.0,11.0,65.5,100g,501.8,290.1,15.6,Hindari,Tinggi Kalium & Tinggi Fosfor,8.0
Kacang Kapri muda,98.0,6.7,0.4,17.7,100g,530.3,307.1,17.6,Hindari,Tinggi Kalium & Tinggi Fosfor,73.7
Kacang Kedelai basah,286.0,30.2,15.6,30.1,100g,734.5,434.6,12.8,Hindari,Tinggi Kalium & Tinggi Fosfor,22.6
Kacang kedelai goreng,521.0,32.2,37.7,22.9,100g,722.3,468.3,14.3,Hindari,Tinggi Kalium & Tinggi Fosfor,5.7
Kacang kedelai kering,381.0,40.4,16.7,24.9,100g,812.2,513.5,18.0,Hindari,Tinggi Kalium & Tinggi Fosfor,8.0
Kacang Kedelai kukus,75.0,4.1,2.1,10.7,100g,434.2,256.4,23.3,Hindari,Tinggi Kalium & Tinggi Fosfor & Tinggi Cairan,81.6
Kacang kedelai rebus,189.0,20.2,8.2,12.7,100g,599.0,343.6,13.9,Hindari,Tinggi Kalium & Tinggi Fosfor,57.4
Kacang kedelai segar,286.0,30.2,15.6,30.1,100g,749.5,491.0,10.1,Hindari,Tinggi Kalium & Tinggi Fosfor,22.6
Kacang komak segar,327.0,16.4,4.3,55.8,100g,596.4,344.2,14.6,Hindari,Tinggi Kalium & Tinggi Fosfor,22.0
Kacang kuning kering,355.0,17.0,2.5,66.0,100g,656.1,333.5,16.0,Hindari,Tinggi Kalium & Tinggi Fosfor,8.0
Kacang lebui /iris kering,346.0,16.5,1.5,66.6,100g,596.7,368.3,15.4,Hindari,Tinggi Kalium & Tinggi Fosfor,8.0
Kacang mekah polong segar,22.0,1.1,1.0,3.4,100g,438.7,222.9,16.1,Hindari,Tinggi Kalium & Tinggi Fosfor & Tinggi Cairan,93.0
Kacang mentega kering,344.0,16.7,2.1,64.6,100g,578.4,362.9,13.5,Hindari,Tinggi Kalium & Tinggi Fosfor,8.0
Kacang Merah,336.0,23.1,1.7,59.5,100g,660.4,404.4,19.5,Hindari,Tinggi Kalium & Tinggi Fosfor,14.2
Kacang merah /banda kering,350.0,13.9,3.0,66.9,100g,557.7,304.6,20.0,Hindari,Tinggi Kalium & Tinggi Fosfor,8.0
Kacang merah kering,314.0,22.1,1.1,56.2,100g,618.4,387.0,12.6,Hindari,Tinggi Kalium & Tinggi Fosfor,8.0
Kacang Merah kering rebus,158.0,10.3,0.9,28.2,100g,557.4,270.4,27.6,Hindari,Tinggi Kalium & Tinggi Fosfor,8.0
Kacang merah segar,171.0,11.0,2.2,28.0,100g,556.4,311.3,14.8,Hindari,Tinggi Kalium & Tinggi Fosfor,57.3
Kacang Merah segar rebus,144.0,10.0,1.0,24.7,100g,527.1,307.8,17.6,Hindari,Tinggi Kalium & Tinggi Fosfor,62.8
Kacang merah tua kering,280.0,16.7,1.6,63.2,100g,600.9,354.9,14.2,Hindari,Tinggi Kalium & Tinggi Fosfor,8.0
Kacang mete/biji jambu monyet goreng,629.0,20.4,56.3,19.8,100g,620.2,380.3,19.5,Hindari,Tinggi Kalium & Tinggi Fosfor,2.0
Kacang mete/biji jambu monyet segar,616.0,16.3,48.4,28.7,100g,597.8,306.3,17.6,Hindari,Tinggi Kalium & Tinggi Fosfor,5.1
Kacang negara,480.0,18.4,19.1,58.5,100g,608.9,366.9,13.4,Hindari,Tinggi Kalium & Tinggi Fosfor,2.5
Kacang Panjang,44.0,2.7,0.3,7.8,100g,475.1,255.8,11.9,Hindari,Tinggi Kalium & Tinggi Fosfor & Tinggi Cairan,87.7
Kacang Panjang biji,357.0,17.3,1.5,70.0,100g,603.2,343.8,9.5,Hindari,Tinggi Kalium & Tinggi Fosfor,9.7
Kacang Panjang kukus,39.0,3.0,0.6,7.6,100g,434.3,256.9,18.8,Hindari,Tinggi Kalium & Tinggi Fosfor & Tinggi Cairan,87.3
Kacang Panjang tumis,150.0,2.5,12.5,7.0,100g,457.8,250.9,17.1,Hindari,Tinggi Kalium & Tinggi Fosfor,76.5
Kacang ranti polong,37.0,3.1,0.2,7.9,100g,435.0,251.3,18.2,Hindari,Tinggi Kalium & Tinggi Fosfor & Tinggi Cairan,87.3
Kacang sukro,484.0,8.8,26.1,57.7,30g,526.9,445.0,710.0,Hindari,Tinggi Kalium & Tinggi Fosfor & Tinggi Natrium,5.9
Kacang Sukro Putih ,488.0,25.6,25.6,59.6,30g,675.3,504.7,575.0,Hindari,Tinggi Kalium & Tinggi Fosfor & Tinggi Natrium,0.0
Kacang Tanah atom,535.0,27.8,38.1,28.8,100g,694.4,430.5,13.8,Hindari,Tinggi Kalium & Tinggi Fosfor,3.8
Kacang tanah goreng,564.0,25.5,44.4,25.5,100g,627.7,427.2,15.0,Hindari,Tinggi Kalium & Tinggi Fosfor,3.1
Kacang Tanah kacang sari,561.0,25.5,43.8,26.0,100g,654.6,433.9,18.8,Hindari,Tinggi Kalium & Tinggi Fosfor,3.2
Kacang tanah kering,525.0,27.9,42.7,17.4,100g,658.8,431.8,11.9,Hindari,Tinggi Kalium & Tinggi Fosfor,8.0
Kacang Tanah Rebus ,385.0,14.0,31.0,13.0,100g,536.5,344.4,14.2,Hindari,Tinggi Kalium & Tinggi Fosfor,40.5
Kacang Tanah rebus berkulit,360.0,13.5,31.2,12.8,100g,548.4,297.9,17.5,Hindari,Tinggi Kalium & Tinggi Fosfor,41.0
Kacang Tanah rempeyek,513.0,17.5,32.5,44.3,100g,564.0,360.9,16.1,Hindari,Tinggi Kalium & Tinggi Fosfor,4.2
Kacang Tanah sangan berselaput,569.0,28.8,48.4,15.8,100g,742.0,430.8,2.9,Hindari,Tinggi Kalium & Tinggi Fosfor,5.5
Kacang tanah sangan tanpa selaput,559.0,26.9,44.2,23.6,100g,693.6,462.2,20.0,Hindari,Tinggi Kalium & Tinggi Fosfor,3.8
Kacang tanah sari,561.0,25.5,43.8,26.0,100g,680.2,416.6,18.2,Hindari,Tinggi Kalium & Tinggi Fosfor,3.2
Kacang Telur ,748.0,20.8,20.8,124.8,100g,603.7,393.5,17.0,Hindari,Tinggi Kalium & Tinggi Fosfor,0.0
Kacang tolo / tunggak kering,331.0,24.4,1.9,56.6,100g,690.5,456.6,16.6,Hindari,Tinggi Kalium & Tinggi Fosfor,8.0
Kacang tolo rebus,138.0,10.7,1.1,22.6,100g,514.3,305.2,7.9,Hindari,Tinggi Kalium & Tinggi Fosfor,64.1
Kacang Tunggak (tolo),342.0,22.9,1.4,61.6,100g,631.6,397.1,12.9,Hindari,Tinggi Kalium & Tinggi Fosfor,12.6
Kacang Tunggak rebus,138.0,10.7,1.1,22.6,100g,530.8,293.3,19.5,Hindari,Tinggi Kalium & Tinggi Fosfor,64.1
Kacang Tunggak rempeyek,451.0,11.2,20.2,59.7,100g,532.0,309.5,13.7,Hindari,Tinggi Kalium & Tinggi Fosfor,7.4
Kacang tunis kering,351.0,12.2,1.2,72.9,100g,545.9,330.0,11.5,Hindari,Tinggi Kalium & Tinggi Fosfor,8.0
Kacang uci kering,358.0,23.4,2.4,60.6,100g,637.5,402.6,9.6,Hindari,Tinggi Kalium & Tinggi Fosfor,8.0
Kacang urei kering,354.0,12.8,1.8,69.3,100g,527.5,315.3,18.5,Hindari,Tinggi Kalium & Tinggi Fosfor,8.0
Kadada katembe,110.0,4.5,6.9,7.1,100g,65.7,56.8,15.4,Batasi,Rendah Kalium,80.0
Kaholeo masakan,413.0,28.7,19.8,29.8,100g,156.3,167.3,11.6,Batasi,Normal / Seimbang,20.2
Kakap,92.0,20.0,0.7,0.0,100g,117.1,120.3,2.2,Batasi,Normal / Seimbang,77.8
Kalakai,66.0,2.8,6.8,3.4,100g,55.1,59.0,15.7,Batasi,Rendah Kalium & Tinggi Cairan,85.5
Kalio jeroan masakan,163.0,16.5,9.0,4.1,100g,112.1,119.1,12.4,Batasi,Normal / Seimbang,68.9
Kalio kikil (tunjang) masakan,122.0,13.8,5.7,3.9,100g,96.4,92.2,10.7,Batasi,Rendah Kalium,75.1
Kalio otak masakan,157.0,8.1,8.8,11.4,100g,82.8,81.1,11.4,Aman,Rendah Kalium,70.2
Kalio telur masakan,193.0,10.6,12.4,9.7,100g,309.3,229.5,69.8,Hindari,Tinggi Kalium & Tinggi Fosfor,65.8
Kambing daging segar,149.0,16.6,9.2,0.0,100g,322.4,246.9,60.6,Hindari,Tinggi Kalium & Tinggi Fosfor,72.7
Kambose,164.0,3.0,2.4,32.6,100g,58.8,44.4,11.4,Aman,Rendah Kalium,60.5
Kangkung,29.0,3.0,0.3,5.4,100g,131.0,44.3,8.7,Batasi,Tinggi Cairan,89.8
Kangkung kukus,30.0,3.2,0.7,4.7,100g,139.2,41.9,5.7,Batasi,Tinggi Cairan,89.9
Kangkung rebus,22.0,2.5,0.6,3.1,100g,146.2,35.9,9.3,Batasi,Tinggi Cairan,92.3
Kangkung tondano,43.0,1.8,0.2,8.4,100g,127.2,26.9,9.6,Batasi,Tinggi Cairan,88.1
Kangkung tumis,52.0,1.8,3.6,3.0,100g,138.1,29.5,6.3,Batasi,Tinggi Cairan,90.1
Kaparende sayur,38.0,2.4,2.0,2.6,100g,146.6,31.0,11.3,Batasi,Tinggi Cairan,91.5
Kapri Muda,42.0,3.3,0.2,9.6,100g,53.2,55.0,10.7,Batasi,Rendah Kalium & Tinggi Cairan,85.4
Kapurung,41.0,2.0,0.3,7.8,100g,59.9,39.6,11.3,Batasi,Rendah Kalium & Tinggi Cairan,88.4
Kapusa,158.0,4.4,3.2,27.8,100g,71.8,46.8,15.0,Aman,Rendah Kalium,63.1
Karawila,25.0,2.3,0.2,3.5,100g,50.3,43.5,8.0,Batasi,Rendah Kalium & Tinggi Cairan,92.5
Karedok ,146.7,5.9,5.9,19.7,100g,53.0,60.0,21.7,Aman,Rendah Kalium,67.0
Karedok sayur,92.0,2.2,3.3,14.1,100g,156.3,34.8,7.5,Batasi,Normal / Seimbang,78.9
Karoket ,292.0,11.2,11.2,2.8,100g,85.5,89.8,7.3,Aman,Rendah Kalium,73.3
Katak,73.0,16.4,0.3,0.0,100g,111.3,114.5,14.9,Batasi,Tinggi Cairan,81.8
Katul Beras,275.0,12.6,14.8,54.6,100g,114.4,91.9,14.7,Aman,Normal / Seimbang,16.5
Katul Jagung,356.0,9.0,8.5,64.5,100g,107.0,72.7,9.7,Aman,Normal / Seimbang,16.5
Kawista segar,120.0,3.5,2.5,20.8,100g,66.4,63.1,7.0,Aman,Rendah Kalium,71.7
Kecap,46.0,5.7,1.3,9.0,100g,56.8,178.1,683.0,Hindari,Rendah Kalium & Tinggi Natrium & Tinggi Cairan,82.5
Kecimpring singkong goreng,464.0,1.2,18.6,73.0,100g,485.8,36.4,4.8,Hindari,Tinggi Kalium,5.7
Kecipir biji,405.0,32.8,17.0,36.5,100g,727.3,480.9,8.4,Hindari,Tinggi Kalium & Tinggi Fosfor,12.2
Kecipir buah muda,35.0,2.9,0.2,0.8,100g,99.2,24.2,2.0,Batasi,Rendah Kalium & Tinggi Cairan,94.6
Kecipir muda segar,32.0,2.9,0.2,5.8,100g,105.9,15.5,1.5,Batasi,Tinggi Cairan,89.6
Kecombrang segar,34.0,0.9,1.0,6.7,100g,47.8,36.5,17.1,Batasi,Rendah Kalium & Tinggi Cairan,89.9
Kedondong segar ,47.0,0.5,0.2,10.4,100g,55.4,28.4,13.0,Batasi,Rendah Kalium & Tinggi Cairan,87.4
Keju,326.0,22.8,20.3,13.1,100g,369.9,540.4,889.2,Hindari,Tinggi Kalium & Tinggi Fosfor & Tinggi Natrium,42.3
Keju Kacang Tanah,590.0,27.0,49.0,20.9,100g,658.6,540.6,785.3,Hindari,Tinggi Kalium & Tinggi Fosfor & Tinggi Natrium,1.6
Kelapa hutan kering,623.0,2.0,52.1,36.5,100g,365.4,17.5,1.3,Hindari,Tinggi Kalium,7.9
Kelapa Muda air,17.0,0.2,0.1,3.8,100g,365.5,7.7,2.1,Hindari,Tinggi Kalium & Tinggi Cairan,94.4
Kelapa Muda daging,68.0,1.0,0.9,14.0,100g,306.0,157.6,63.5,Hindari,Tinggi Kalium & Tinggi Cairan,82.6
Kelapa Setengah Tua daging,180.0,4.0,15.0,10.0,100g,274.9,177.8,76.0,Batasi,Normal / Seimbang,69.5
Kelapa Tua daging,359.0,3.4,34.7,14.0,100g,234.5,193.9,53.6,Batasi,Normal / Seimbang,46.4
Kelepon ,214.0,5.4,5.4,40.2,100g,77.8,55.9,14.4,Aman,Rendah Kalium,47.5
Kelewih,111.0,1.5,0.3,27.2,100g,48.3,45.4,20.1,Aman,Rendah Kalium,69.5
Kelinci daging segar,142.0,16.9,7.8,0.0,100g,325.7,279.0,59.7,Hindari,Tinggi Kalium & Tinggi Fosfor,73.8
Kemang,48.0,1.0,0.2,11.9,100g,56.7,39.7,9.4,Batasi,Rendah Kalium & Tinggi Cairan,85.4
Kembang tahu,380.0,48.9,13.8,23.3,100g,921.2,638.3,14.2,Hindari,Tinggi Kalium & Tinggi Fosfor,12.5
Kembang Turi,44.0,1.8,0.6,9.6,100g,150.2,27.9,6.1,Batasi,Tinggi Cairan,86.5
Kemiri,636.0,19.0,63.0,8.0,100g,118.5,132.4,13.4,Batasi,Normal / Seimbang,8.5
Kenari,657.0,15.0,66.0,13.0,100g,100.2,102.5,7.0,Batasi,Normal / Seimbang,4.5
Kenari banda kering,616.0,13.9,56.2,13.7,100g,104.0,104.6,10.2,Batasi,Normal / Seimbang,8.0
Kentang,83.0,2.0,0.1,19.1,100g,382.6,35.1,7.1,Hindari,Tinggi Kalium,77.3
Kentang Hitam,142.0,0.9,0.4,33.7,100g,419.0,37.4,7.5,Hindari,Tinggi Kalium,63.5
Keong,64.0,12.0,1.0,2.0,100g,84.9,83.8,15.0,Batasi,Rendah Kalium & Tinggi Cairan,83.5
Kepala Susu (Krim),204.0,2.6,20.0,4.0,200g,198.1,181.5,353.0,Batasi,Normal / Seimbang,71.9
Kepiting,151.0,13.8,3.8,14.1,100g,364.3,246.3,50.1,Hindari,Tinggi Kalium & Tinggi Fosfor,66.8
Kerang,59.0,18.0,1.1,3.6,100g,379.2,276.8,71.3,Hindari,Tinggi Kalium & Tinggi Fosfor,75.8
Kerang asap mentah,393.0,38.9,13.3,29.4,100g,434.5,452.5,55.3,Hindari,Tinggi Kalium & Tinggi Fosfor,16.9
Kerang dendeng mentah,357.0,41.1,10.0,25.6,30g,500.7,585.6,658.5,Hindari,Tinggi Kalium & Tinggi Fosfor & Tinggi Natrium,21.8
Kerbau daging segar,79.0,18.7,0.5,0.0,100g,365.0,297.3,80.8,Hindari,Tinggi Kalium & Tinggi Fosfor,79.3
Keremes,475.0,1.6,25.5,64.4,200g,63.8,55.1,12.4,Aman,Rendah Kalium,7.0
Keribang ubi segar,137.0,1.3,1.1,29.8,100g,391.2,25.5,7.6,Hindari,Tinggi Kalium,66.3
Keripik bayam,586.0,4.9,40.6,50.2,100g,305.4,185.2,77.1,Hindari,Tinggi Kalium,2.8
Keripik gadung,446.0,2.8,14.5,76.0,100g,203.8,37.6,5.5,Batasi,Normal / Seimbang,5.2
Keripik kentang,448.0,2.7,18.8,67.1,100g,489.9,40.7,7.2,Hindari,Tinggi Kalium,9.9
Keripik lampung,485.0,1.7,22.2,69.7,100g,58.0,44.2,13.7,Aman,Rendah Kalium,4.9
Keripik oncom,598.0,8.3,43.8,42.6,100g,513.1,304.9,10.7,Hindari,Tinggi Kalium & Tinggi Fosfor,3.8
Keripik singkong,478.0,0.9,20.7,72.0,100g,506.6,33.8,4.4,Hindari,Tinggi Kalium,4.9
Keripik singkong berbumbu,481.0,2.2,19.7,73.6,100g,500.5,130.7,699.6,Hindari,Tinggi Kalium & Tinggi Natrium,3.0
Keripik tempe,581.0,12.1,40.6,41.7,100g,524.1,317.3,10.7,Hindari,Tinggi Kalium & Tinggi Fosfor,4.1
Keripik tempe abadi murni,542.0,40.3,42.4,11.6,100g,795.9,552.6,10.4,Hindari,Tinggi Kalium & Tinggi Fosfor,4.2
Keripik tempe abadi sedang,510.0,12.3,27.9,52.4,100g,559.7,325.3,8.1,Hindari,Tinggi Kalium & Tinggi Fosfor,5.9
Keripik tempe abadi telur,529.0,20.8,31.7,40.2,100g,611.1,404.3,11.1,Hindari,Tinggi Kalium & Tinggi Fosfor,5.8
Keripik ubi,486.0,0.2,23.9,67.6,100g,470.1,27.7,9.6,Hindari,Tinggi Kalium,6.8
Kerokot segar,26.0,1.7,0.4,3.8,100g,50.5,37.9,17.7,Batasi,Rendah Kalium & Tinggi Cairan,92.6
Kerupuk Aci,350.0,0.5,0.2,85.9,30g,95.0,134.3,565.3,Hindari,Rendah Kalium & Tinggi Natrium,8.0
Kerupuk cumi goreng,444.0,6.9,14.6,71.3,30g,308.4,279.2,804.3,Hindari,Tinggi Kalium & Tinggi Fosfor & Tinggi Natrium,5.7
Kerupuk Ikan berpati,342.0,16.0,0.4,65.6,30g,369.0,417.9,742.0,Hindari,Tinggi Kalium & Tinggi Fosfor & Tinggi Natrium,8.0
Kerupuk kemplang  (ikan) mentah,325.0,1.8,0.4,78.5,30g,332.1,303.0,777.7,Hindari,Tinggi Kalium & Tinggi Fosfor & Tinggi Natrium,8.0
Kerupuk kemplang goreng,504.0,5.6,28.1,57.1,30g,84.9,201.2,722.6,Hindari,Rendah Kalium & Tinggi Fosfor & Tinggi Natrium,7.7
Kerupuk kemplang panggang,356.0,9.7,1.1,76.9,30g,113.1,167.9,592.5,Hindari,Tinggi Natrium,8.0
Kerupuk Kulit kerbau,422.0,83.0,4.0,0.0,30g,339.0,524.6,864.8,Hindari,Tinggi Kalium & Tinggi Fosfor & Tinggi Natrium,8.0
Kerupuk Melinjo mentah,345.0,12.0,1.5,71.5,30g,120.9,211.5,743.9,Hindari,Tinggi Fosfor & Tinggi Natrium,8.0
Kerupuk Melinjo tebal goreng asin,431.0,11.1,16.2,63.0,30g,106.7,216.6,613.1,Hindari,Tinggi Fosfor & Tinggi Natrium,8.0
Kerupuk Melinjo tebal goreng manis,439.0,10.0,16.4,65.7,30g,110.9,177.5,663.0,Hindari,Tinggi Natrium,6.4
Kerupuk Melinjo tipis goreng,485.0,11.5,24.5,59.1,30g,114.5,146.3,600.8,Hindari,Tinggi Natrium,3.4
Kerupuk mie kuning goreng,476.0,0.1,21.1,71.3,150g,82.6,131.8,741.8,Hindari,Rendah Kalium & Tinggi Natrium,6.0
Kerupuk Sayong ,46.7,17.3,17.3,81.3,30g,146.5,258.1,500.8,Hindari,Tinggi Fosfor & Tinggi Natrium,0.0
Kerupuk Udang ,340.0,30.0,30.0,52.0,30g,430.2,490.8,503.0,Hindari,Tinggi Kalium & Tinggi Fosfor & Tinggi Natrium,0.0
Kerupuk Udang berpati,359.0,17.2,68.2,332.0,30g,334.0,357.0,836.3,Hindari,Tinggi Kalium & Tinggi Fosfor & Tinggi Natrium,0.0
Kerupuk udang goreng,477.0,4.7,20.5,68.5,30g,316.5,319.7,567.4,Hindari,Tinggi Kalium & Tinggi Fosfor & Tinggi Natrium,4.8
Kerupuk urat,588.0,53.7,40.9,1.2,30g,232.2,410.2,722.9,Hindari,Tinggi Fosfor & Tinggi Natrium,2.7
Kesemek,78.0,0.8,0.4,20.0,200g,67.4,35.7,6.7,Batasi,Rendah Kalium,77.3
Ketan hitam matang,181.0,4.0,1.2,37.3,100g,70.6,55.1,8.1,Aman,Rendah Kalium,56.0
Ketan putih matang,163.0,3.0,0.4,35.7,100g,62.1,51.3,11.8,Aman,Rendah Kalium,59.4
Ketapang ,340.0,11.0,11.0,54.0,100g,105.4,78.4,11.1,Aman,Normal / Seimbang,22.5
Ketela Pohon Kuning,157.0,0.8,0.3,37.9,100g,55.6,45.7,16.1,Aman,Rendah Kalium,59.5
Ketela singkong segar,154.0,1.0,0.3,36.8,100g,380.1,25.8,5.0,Hindari,Tinggi Kalium,60.4
Ketela pohon/singkong kukus,153.0,1.2,0.3,36.4,100g,409.3,30.1,5.1,Hindari,Tinggi Kalium,60.6
Ketimun,12.0,0.7,0.1,2.7,100g,122.2,24.1,8.4,Batasi,Tinggi Cairan,95.0
Ketimun madura segar,9.0,0.5,0.1,1.9,100g,133.1,24.4,8.4,Batasi,Tinggi Cairan,96.0
Ketoprak,153.0,7.9,7.7,13.0,100g,73.5,68.4,18.7,Aman,Rendah Kalium,69.9
Ketumbar,404.0,14.1,16.1,54.2,100g,126.8,88.1,15.3,Aman,Normal / Seimbang,14.1
Ketupat ketan,212.0,4.0,4.6,38.6,100g,80.9,43.8,15.3,Aman,Rendah Kalium,51.3
Ketupat Tahu ,109.6,2.6,2.6,18.6,100g,484.4,224.0,11.3,Hindari,Tinggi Kalium & Tinggi Fosfor,74.7
Kluwek,310.0,10.0,24.0,13.5,100g,93.5,82.2,14.2,Aman,Rendah Kalium,51.0
Kodok segar,73.0,16.4,0.3,0.0,100g,105.1,111.9,6.7,Batasi,Tinggi Cairan,81.8
Kokosan,86.0,1.6,0.2,13.0,100g,64.2,51.6,11.1,Batasi,Rendah Kalium & Tinggi Cairan,83.7
Komak polong segar,99.0,3.3,0.1,21.2,100g,64.7,37.6,14.1,Aman,Rendah Kalium,73.9
Kool Kembang,25.0,2.4,0.2,4.9,100g,59.9,45.3,16.5,Batasi,Rendah Kalium & Tinggi Cairan,91.0
Kool Merah kool putih,24.0,1.4,0.2,5.3,100g,49.3,45.8,7.9,Batasi,Rendah Kalium & Tinggi Cairan,91.6
Kopi bagian yang larut,352.0,17.4,1.3,69.0,200g,133.3,111.9,12.9,Batasi,Normal / Seimbang,10.8
Kopi bubuk instant,129.0,12.3,0.5,35.0,200g,99.1,159.1,612.9,Hindari,Rendah Kalium & Tinggi Natrium,50.7
Koro andong kering,356.0,20.5,4.1,61.6,100g,668.7,404.7,9.8,Hindari,Tinggi Kalium & Tinggi Fosfor,8.0
Koro Benguk biji,332.0,24.0,3.0,55.0,100g,677.2,404.5,16.1,Hindari,Tinggi Kalium & Tinggi Fosfor,16.5
Koro Benguk tempe,141.0,10.2,1.3,23.2,100g,529.4,298.1,11.9,Hindari,Tinggi Kalium & Tinggi Fosfor,63.8
Koro Kerupuk biji,125.0,8.3,0.7,22.1,30g,485.7,364.8,653.6,Hindari,Tinggi Kalium & Tinggi Fosfor & Tinggi Natrium,8.0
Koro Loke biji,33.0,2.7,0.2,7.9,100g,464.1,263.9,12.7,Hindari,Tinggi Kalium & Tinggi Fosfor & Tinggi Cairan,87.7
Koro Roway biji,344.0,12.5,2.1,69.4,100g,551.0,327.5,16.9,Hindari,Tinggi Kalium & Tinggi Fosfor,14.5
Koro Wedus biji,338.0,22.2,1.5,61.0,100g,643.9,408.7,16.9,Hindari,Tinggi Kalium & Tinggi Fosfor,13.8
Koro Wedus buah muda,38.0,3.0,0.3,7.9,100g,419.1,257.0,18.5,Hindari,Tinggi Kalium & Tinggi Fosfor & Tinggi Cairan,87.3
Koro wedus polong,46.0,3.0,0.3,7.9,100g,430.9,244.6,17.7,Hindari,Tinggi Kalium & Tinggi Fosfor & Tinggi Cairan,87.3
Kotiu hinela tawang nggole,46.0,2.2,1.5,6.0,100g,53.4,53.5,21.5,Batasi,Rendah Kalium & Tinggi Cairan,88.8
Koya,366.0,4.2,4.3,77.5,100g,84.4,42.9,13.2,Aman,Rendah Kalium,12.5
Koya mirasa,370.0,8.0,1.0,82.2,100g,111.7,69.2,17.8,Aman,Normal / Seimbang,7.3
Kranji segar,315.0,2.1,1.4,73.5,100g,71.0,50.0,9.6,Aman,Rendah Kalium,21.5
Kripik Tempe Goreng ,542.0,40.3,42.4,11.5,100g,866.0,572.3,11.9,Hindari,Tinggi Kalium & Tinggi Fosfor,4.3
Krokot,21.0,1.7,0.4,3.8,100g,48.1,49.5,10.5,Batasi,Rendah Kalium & Tinggi Cairan,92.6
Kucai,45.0,2.2,0.3,10.3,100g,56.5,45.1,4.3,Batasi,Rendah Kalium & Tinggi Cairan,85.7
Kucai Muda (Lokio),42.0,3.8,0.6,7.8,100g,61.3,46.6,10.0,Batasi,Rendah Kalium & Tinggi Cairan,86.3
Kuda daging segar,113.0,18.1,4.1,0.9,100g,388.4,270.7,71.5,Hindari,Tinggi Kalium & Tinggi Fosfor,75.4
Kue ali,440.0,3.8,18.5,64.5,30g,81.9,49.9,15.2,Aman,Rendah Kalium,11.7
Kue Apem ,186.7,1.6,1.6,39.6,30g,69.2,46.8,15.9,Aman,Rendah Kalium,55.7
Kue bangket,338.0,1.5,1.2,80.3,30g,79.7,36.9,7.7,Aman,Rendah Kalium,15.5
Kue Bugis ,240.0,1.0,4.0,54.0,30g,63.5,63.1,17.0,Aman,Rendah Kalium,39.5
Kue jahe,425.0,1.6,8.8,84.6,30g,73.6,31.6,13.9,Aman,Rendah Kalium,3.5
Kue kelapa,591.0,5.6,42.1,47.5,30g,390.5,27.6,1.8,Hindari,Tinggi Kalium,3.3
Kue Koya ,366.0,4.2,4.3,7.9,30g,61.9,56.5,12.3,Batasi,Rendah Kalium & Tinggi Cairan,82.1
Kue lumpur,291.0,3.6,11.1,44.1,30g,57.5,49.4,8.6,Aman,Rendah Kalium,39.7
Kue mangkok ,182.0,1.0,1.0,40.4,30g,66.1,63.4,13.5,Aman,Rendah Kalium,56.1
Kue Pacar Cina ,126.7,0.7,0.7,57.3,30g,67.9,45.5,13.9,Aman,Rendah Kalium,39.8
Kue Pia ,296.0,1.4,1.4,66.4,30g,79.8,46.2,20.2,Aman,Rendah Kalium,29.3
Kue putu cangkir,304.0,5.3,7.0,54.9,30g,76.5,62.6,8.3,Aman,Rendah Kalium,31.3
Kue putu singkong,217.0,1.2,0.5,53.2,30g,469.6,26.7,7.2,Hindari,Tinggi Kalium,43.6
Kue Satu ,393.3,2.7,2.7,79.3,30g,83.8,55.0,15.7,Aman,Rendah Kalium,13.8
Kue Semprong ,380.0,1.0,1.0,92.0,30g,75.3,39.9,9.2,Aman,Rendah Kalium,4.5
Kue sus,221.0,7.5,10.2,24.8,30g,71.1,67.0,10.8,Aman,Rendah Kalium,56.0
Kue Talam ,180.0,5.0,5.0,32.0,30g,94.7,61.0,6.5,Aman,Rendah Kalium,56.5
Kue Tambang ,512.0,26.0,26.0,60.4,30g,155.6,160.2,20.4,Batasi,Normal / Seimbang,0.0
Kue thipan,247.0,2.9,4.2,49.5,30g,62.3,33.0,19.5,Aman,Rendah Kalium,41.9
Kulit melinjo,111.0,4.5,1.1,20.7,100g,72.1,48.3,14.1,Aman,Rendah Kalium,72.2
Kundur segar,22.0,0.4,0.2,4.7,100g,27.2,36.8,13.3,Batasi,Rendah Kalium & Tinggi Cairan,93.2
Kunyit,63.0,2.0,2.7,9.1,100g,63.0,35.9,12.3,Batasi,Rendah Kalium & Tinggi Cairan,84.7
Kura-kura,83.0,19.1,0.2,0.0,100g,104.4,123.0,8.4,Batasi,Normal / Seimbang,79.2
Kwaci,515.0,30.6,42.1,13.8,100g,154.4,164.7,14.6,Batasi,Normal / Seimbang,12.0
Kwark (Quark),242.0,19.0,17.0,3.0,100g,119.6,118.6,12.2,Batasi,Normal / Seimbang,59.5
Labu Air,17.0,0.6,0.2,3.8,100g,117.2,26.5,7.9,Batasi,Tinggi Cairan,93.9
Labu kuning segar,51.0,1.7,0.5,10.0,100g,173.4,28.2,10.9,Batasi,Tinggi Cairan,86.3
Labu Siam,26.0,0.6,0.1,6.7,100g,150.0,28.8,11.5,Batasi,Tinggi Cairan,91.1
Labu waluh segar,32.0,1.1,0.1,6.6,100g,142.4,31.5,7.9,Batasi,Tinggi Cairan,90.7
Laksa ,166.3,2.7,3.9,29.5,100g,76.0,55.9,9.5,Aman,Rendah Kalium,62.4
Lamtoro (pete cina) biji muda,85.0,5.7,0.3,15.4,100g,60.6,59.0,8.8,Batasi,Rendah Kalium,77.1
Lamtoro biji tua,148.0,10.6,0.5,26.2,100g,92.1,92.6,10.2,Aman,Rendah Kalium,61.2
Lamtoro tempe,142.0,11.0,2.5,20.4,100g,528.9,308.9,18.4,Hindari,Tinggi Kalium & Tinggi Fosfor,64.6
Lamtoro var. gung tanpa kulit,367.0,46.4,5.4,32.5,100g,202.4,238.9,12.8,Hindari,Tinggi Fosfor,14.2
Lamtoro var. lokal dengan kulit,336.0,23.8,1.2,59.7,100g,161.8,138.2,4.5,Batasi,Normal / Seimbang,13.8
Langsat,56.0,0.9,0.2,14.3,100g,58.8,34.0,7.2,Batasi,Rendah Kalium & Tinggi Cairan,83.1
Lantar segar,34.0,2.2,0.3,5.5,100g,49.9,43.4,9.6,Batasi,Rendah Kalium & Tinggi Cairan,90.5
Lanting getuk,422.0,0.9,10.8,80.4,100g,62.7,46.2,17.1,Aman,Rendah Kalium,6.4
Lapis legit,389.0,6.6,15.7,55.5,100g,95.5,55.6,11.2,Aman,Rendah Kalium,20.7
Lawar babi masakan,174.0,17.0,10.0,3.0,100g,353.4,284.7,70.3,Hindari,Tinggi Kalium & Tinggi Fosfor,68.5
Lawar penyu masakan,141.0,23.0,1.5,7.6,100g,122.7,139.2,13.8,Batasi,Normal / Seimbang,66.4
Lawara jangang masakan,159.0,5.0,10.9,10.1,100g,78.2,63.1,15.2,Aman,Rendah Kalium,72.5
Lawara penjah masakan,207.0,7.4,15.4,9.6,100g,75.4,79.6,13.6,Aman,Rendah Kalium,66.1
Ledre pisang,405.0,4.8,5.1,84.9,100g,410.5,28.2,2.6,Hindari,Tinggi Kalium,3.7
Lema/ Rebung asam,15.0,1.0,0.4,1.9,100g,45.7,35.7,13.2,Batasi,Rendah Kalium & Tinggi Cairan,95.2
Lemak Babi,902.0,0.0,100.0,0.0,100g,269.3,152.4,67.5,Batasi,Normal / Seimbang,0.0
Lemak Babi (Bacon),630.0,9.1,65.0,1.1,100g,344.0,231.1,66.5,Hindari,Tinggi Kalium & Tinggi Fosfor,23.3
Lemak ikan,372.0,12.0,29.4,14.4,100g,344.8,227.6,68.2,Hindari,Tinggi Kalium & Tinggi Fosfor,42.7
Lemak Kerbau,818.0,1.5,90.0,0.0,100g,64.7,40.0,8.6,Aman,Rendah Kalium,7.0
Lemon segar,34.0,0.5,0.8,6.2,100g,44.0,28.5,8.9,Batasi,Rendah Kalium & Tinggi Cairan,91.0
Lemon Squasih,36.0,0.0,0.0,10.0,100g,46.0,23.8,12.1,Batasi,Rendah Kalium & Tinggi Cairan,88.5
Lemonade,30.0,0.0,0.0,8.0,100g,55.4,27.7,18.1,Batasi,Rendah Kalium & Tinggi Cairan,90.5
Lemper ,221.3,3.8,3.6,43.4,100g,79.7,60.3,9.4,Aman,Rendah Kalium,47.7
Lempog durian,320.0,3.5,5.7,63.7,100g,412.9,17.5,2.7,Hindari,Tinggi Kalium,25.6
Lepok/Ubi rumput,181.0,2.8,1.2,39.8,100g,435.9,39.8,5.6,Hindari,Tinggi Kalium,54.7
Leunca buah,33.0,1.9,0.1,7.4,100g,98.0,18.5,1.2,Batasi,Rendah Kalium & Tinggi Cairan,89.1
Leupeut Ketan ,240.0,7.8,0.5,51.3,100g,96.5,59.2,15.4,Aman,Rendah Kalium,38.9
Leverwost (sosis hati),387.0,16.0,22.0,3.0,100g,92.3,236.0,580.9,Hindari,Rendah Kalium & Tinggi Fosfor & Tinggi Natrium,57.5
Lilin bungkus gedi,79.0,2.3,5.2,5.8,100g,57.5,41.0,8.0,Batasi,Rendah Kalium & Tinggi Cairan,85.2
Lobak,19.0,0.9,0.1,4.2,100g,34.1,41.8,5.7,Batasi,Rendah Kalium & Tinggi Cairan,93.3
Lokan segar,217.0,11.0,1.7,5.1,100g,86.3,82.4,14.7,Batasi,Rendah Kalium & Tinggi Cairan,80.7
Lontar segar,27.0,0.4,0.2,6.0,100g,46.4,34.2,14.9,Batasi,Rendah Kalium & Tinggi Cairan,91.9
Lopis ,163.3,2.8,2.2,33.0,100g,70.7,50.1,13.9,Aman,Rendah Kalium,60.5
Lumai/Leunca segar,38.0,1.1,0.3,7.6,100g,39.6,46.0,14.4,Batasi,Rendah Kalium & Tinggi Cairan,89.5
Lupis ketan,164.0,1.8,2.1,34.5,100g,57.0,41.1,11.8,Aman,Rendah Kalium,60.1
Madu,294.0,0.3,0.0,79.5,100g,76.8,39.0,17.7,Aman,Rendah Kalium,18.7
Maizena tepung,341.0,0.3,0.0,85.0,100g,88.7,25.9,14.5,Aman,Rendah Kalium,8.0
Makaroni,363.0,8.7,0.4,78.7,100g,117.6,77.2,16.4,Aman,Normal / Seimbang,10.7
Mangga benggala segar,63.0,2.4,0.4,12.4,100g,373.8,21.1,2.2,Hindari,Tinggi Kalium & Tinggi Cairan,83.3
Mangga Gedong,44.0,0.7,0.2,11.2,100g,358.0,14.2,2.0,Hindari,Tinggi Kalium & Tinggi Cairan,86.4
Mangga Golek,63.0,0.5,0.2,16.7,100g,343.1,17.9,1.3,Hindari,Tinggi Kalium & Tinggi Cairan,81.1
Mangga Harum Manis,46.0,0.4,0.2,11.9,100g,366.1,14.5,1.0,Hindari,Tinggi Kalium & Tinggi Cairan,86.0
Mangga Indramayu,72.0,0.8,0.2,18.7,100g,356.1,7.7,2.5,Hindari,Tinggi Kalium,78.8
Mangga Kopek,56.0,0.4,0.2,14.6,100g,359.3,11.2,2.1,Hindari,Tinggi Kalium & Tinggi Cairan,83.3
Mangga kwini segar,86.0,0.7,0.5,19.8,100g,381.1,12.2,1.2,Hindari,Tinggi Kalium,77.5
Mangga manalagi segar,133.0,1.0,0.1,32.1,100g,387.5,20.4,2.0,Hindari,Tinggi Kalium,65.3
Mangga Muda,59.0,0.5,0.4,15.1,100g,361.8,17.3,1.4,Hindari,Tinggi Kalium & Tinggi Cairan,82.5
Mangga segar,52.0,0.7,0.0,12.3,100g,336.3,17.4,3.3,Hindari,Tinggi Kalium & Tinggi Cairan,85.5
Manggis,63.0,0.6,0.6,15.6,100g,57.8,30.7,19.9,Batasi,Rendah Kalium & Tinggi Cairan,81.7
Margarin,720.0,0.6,81.0,0.4,100g,176.8,162.2,633.6,Hindari,Tinggi Natrium,16.5
Markisa segar,144.0,3.5,1.2,29.8,100g,81.6,57.6,13.7,Aman,Rendah Kalium,64.0
Markisa squash,217.0,2.5,1.0,49.6,100g,77.3,46.6,14.2,Aman,Rendah Kalium,45.4
Markisa squash BD,104.0,1.2,0.5,23.7,100g,38.4,38.0,13.0,Aman,Rendah Kalium,73.1
Martabak  manis,265.3,4.7,5.5,49.3,100g,72.0,208.6,871.8,Hindari,Rendah Kalium & Tinggi Fosfor & Tinggi Natrium,39.0
Martabak india,153.0,4.5,4.2,24.3,100g,66.7,168.9,607.5,Hindari,Rendah Kalium & Tinggi Natrium,65.5
Martabak mesir,278.0,5.1,8.6,45.0,200g,74.8,138.8,740.0,Hindari,Rendah Kalium & Tinggi Natrium,39.8
Martabak Telur ,200.0,8.9,5.1,29.5,100g,326.9,318.3,815.5,Hindari,Tinggi Kalium & Tinggi Fosfor & Tinggi Natrium,55.0
Masekat,369.0,2.1,7.0,74.1,100g,85.6,40.3,11.2,Aman,Rendah Kalium,15.3
Matoa segar,90.0,1.2,0.1,21.1,100g,56.0,34.4,11.3,Batasi,Rendah Kalium,76.1
Melase,276.0,0.0,0.1,71.0,100g,61.0,31.1,10.9,Aman,Rendah Kalium,27.4
Melinjo,66.0,5.0,0.7,13.3,100g,65.8,55.6,11.8,Batasi,Rendah Kalium,79.5
Melon segar,37.0,0.6,0.4,7.8,100g,109.3,16.1,1.5,Batasi,Tinggi Cairan,89.7
Menjangan daging dendeng mentah,322.0,55.8,2.0,22.7,30g,542.8,646.7,668.9,Hindari,Tinggi Kalium & Tinggi Fosfor & Tinggi Natrium,18.0
Mentega,725.0,0.5,81.6,1.4,100g,164.6,159.2,632.5,Hindari,Tinggi Natrium,15.0
Menteng,65.0,1.7,0.2,16.1,100g,62.2,38.2,10.3,Batasi,Rendah Kalium & Tinggi Cairan,80.5
Merica,359.0,11.5,6.8,64.4,100g,103.6,86.5,8.6,Aman,Normal / Seimbang,15.8
Mi basah,88.0,0.6,3.3,14.0,100g,57.3,23.4,10.6,Batasi,Rendah Kalium & Tinggi Cairan,80.6
Mi golosor,71.0,0.2,0.8,15.9,100g,54.5,37.4,22.8,Batasi,Rendah Kalium & Tinggi Cairan,81.6
Mi kering,339.0,10.0,1.7,6.3,100g,85.3,72.0,11.6,Aman,Rendah Kalium,8.0
Mie aceh rebus,113.0,3.0,3.2,18.1,150g,130.4,134.4,766.2,Hindari,Tinggi Natrium,74.2
Mie ayam,102.0,6.2,3.9,10.5,150g,291.8,344.7,690.4,Hindari,Tinggi Fosfor & Tinggi Natrium,77.9
Mie bakso,114.0,5.3,3.0,16.4,150g,76.6,124.5,710.7,Hindari,Rendah Kalium & Tinggi Natrium,73.8
Mie basah,86.0,0.6,3.3,14.0,150g,50.5,153.2,493.2,Hindari,Rendah Kalium & Tinggi Natrium & Tinggi Cairan,80.6
Mie Bendo,353.0,0.3,0.0,88.0,150g,94.9,147.2,775.9,Hindari,Rendah Kalium & Tinggi Natrium,10.2
Mie celon,102.0,3.0,2.1,17.8,150g,49.0,145.0,635.4,Hindari,Rendah Kalium & Tinggi Natrium,75.6
Mie Goreng ,468.0,7.6,20.4,62.4,150g,94.2,190.5,934.8,Hindari,Rendah Kalium & Tinggi Natrium,8.0
Mie kering,337.0,7.9,11.8,50.0,150g,95.0,173.8,527.8,Hindari,Rendah Kalium & Tinggi Natrium,8.0
Mie pangsit basah,105.0,5.9,4.9,9.4,150g,60.6,153.4,585.7,Hindari,Rendah Kalium & Tinggi Natrium,78.3
Mie Sagu,190.0,0.2,0.4,46.5,150g,59.9,183.0,684.0,Hindari,Rendah Kalium & Tinggi Natrium,51.4
Minyak Hati Hiu (Eulamia),902.0,0.0,100.0,0.0,100g,40.9,29.3,11.1,Aman,Rendah Kalium,0.0
Minyak Ikan,902.0,0.0,100.0,0.0,100g,283.6,152.3,60.8,Batasi,Normal / Seimbang,0.0
Minyak Kacang Tanah,902.0,0.0,100.0,0.0,100g,432.1,203.5,17.7,Hindari,Tinggi Kalium & Tinggi Fosfor,0.0
Minyak kedelai,883.0,0.0,99.9,0.0,100g,430.2,215.4,11.6,Hindari,Tinggi Kalium & Tinggi Fosfor,0.0
Minyak Kelapa,870.0,1.0,98.0,0.0,100g,316.7,16.1,3.0,Hindari,Tinggi Kalium,0.0
Minyak Kelapa Sawit,902.0,0.0,100.0,0.0,100g,122.4,26.8,3.8,Aman,Normal / Seimbang,0.0
Minyak Wijen,902.0,0.0,100.0,0.0,100g,405.4,219.5,11.4,Hindari,Tinggi Kalium & Tinggi Fosfor,0.0
Minyak Zaitun,884.0,0.0,100.0,0.0,100g,37.5,29.7,13.2,Aman,Rendah Kalium,0.0
Misoa,345.0,8.5,2.2,78.0,100g,104.5,55.3,3.5,Aman,Normal / Seimbang,9.8
Misro ,218.0,0.8,16.0,50.2,100g,63.0,42.3,1.0,Aman,Rendah Kalium,31.5
Moon tahu,128.0,8.0,10.0,1.3,100g,487.5,276.1,20.6,Hindari,Tinggi Kalium & Tinggi Fosfor,79.2
Mostarda metan -sawi,33.0,2.3,0.5,4.7,100g,131.0,36.9,8.3,Batasi,Tinggi Cairan,91.0
Mujahir acar kuning masakan,330.0,17.8,23.4,12.1,100g,315.3,292.7,66.7,Hindari,Tinggi Kalium & Tinggi Fosfor,45.2
Naan maran sapi masakan,478.0,38.3,33.9,5.1,100g,480.8,484.4,48.3,Hindari,Tinggi Kalium & Tinggi Fosfor,21.2
Nanas,52.0,0.4,0.2,13.7,100g,123.4,12.1,2.2,Batasi,Tinggi Cairan,84.2
Nanas palembang segar,58.0,0.7,0.2,13.3,100g,108.9,12.5,1.5,Batasi,Tinggi Cairan,84.3
Nangka biji,165.0,4.2,0.1,36.7,100g,375.3,17.9,2.6,Hindari,Tinggi Kalium,57.5
Nangka masak di pohon,106.0,1.2,0.3,27.6,100g,354.1,11.6,1.6,Hindari,Tinggi Kalium,69.4
Nangka Muda,51.0,2.0,0.4,11.3,100g,361.3,15.4,2.3,Hindari,Tinggi Kalium & Tinggi Cairan,84.8
Nasi,180.0,3.0,0.3,39.8,150g,65.6,54.6,14.7,Aman,Rendah Kalium,55.4
Nasi beras merah,149.0,2.8,0.4,32.5,150g,82.6,46.2,14.7,Aman,Rendah Kalium,62.8
Nasi gemuk,192.0,3.8,8.8,24.4,150g,68.8,62.5,9.1,Aman,Rendah Kalium,61.5
Nasi Goreng ,276.0,3.2,3.2,30.2,150g,74.2,47.8,11.7,Aman,Rendah Kalium,8.0
Nasi gurih,190.0,4.7,7.5,26.0,150g,72.6,58.2,11.5,Aman,Rendah Kalium,60.3
Nasi jagung,357.0,8.8,0.5,79.5,150g,109.3,87.2,15.9,Aman,Normal / Seimbang,9.7
Nasi minyak,207.0,3.5,5.0,37.1,150g,79.0,47.1,8.4,Aman,Rendah Kalium,52.9
Nasi rames,155.0,10.3,4.2,19.1,150g,96.3,88.4,17.9,Aman,Rendah Kalium,64.9
Nasi tim,120.0,2.4,0.4,26.0,150g,59.0,44.0,5.4,Aman,Rendah Kalium,69.7
Nasi Uduk ,253.3,4.3,21.0,11.7,150g,61.6,62.3,10.1,Aman,Rendah Kalium,61.5
Nasu likku masakan,196.0,14.5,8.3,15.9,100g,107.2,98.7,13.3,Aman,Normal / Seimbang,59.8
Noga Kacang Tanah ,600.0,14.0,41.7,42.0,100g,531.3,333.3,3.0,Hindari,Tinggi Kalium & Tinggi Fosfor,0.8
Nopia spesial,387.0,5.3,7.6,74.3,200g,91.8,45.8,16.8,Aman,Rendah Kalium,11.3
Olah-olah,9.0,2.1,6.0,7.1,100g,61.4,48.2,18.1,Batasi,Rendah Kalium & Tinggi Cairan,83.3
Oncom,187.0,13.0,6.0,22.6,100g,526.3,350.2,18.7,Hindari,Tinggi Kalium & Tinggi Fosfor,56.9
Oncom ampas kacang hijau,376.0,14.9,6.0,65.7,100g,563.1,356.2,10.6,Hindari,Tinggi Kalium & Tinggi Fosfor,11.9
Oncom Goreng ,363.3,19.3,19.3,40.3,100g,592.4,365.3,12.9,Hindari,Tinggi Kalium & Tinggi Fosfor,8.0
Oncom Hitam Goreng ,284.0,12.0,14.4,13.6,100g,513.6,334.3,14.0,Hindari,Tinggi Kalium & Tinggi Fosfor,8.0
Oncom Hitam Goreng bertepung ,306.7,9.0,18.0,27.0,100g,518.8,283.4,7.7,Hindari,Tinggi Kalium & Tinggi Fosfor,8.0
Oncom kacang hijau + singkong,351.0,11.0,5.3,65.9,100g,536.8,279.3,14.7,Hindari,Tinggi Kalium & Tinggi Fosfor,16.3
Oncom Kacang Tanah pepes,132.0,12.7,3.8,13.7,200g,512.8,351.4,18.6,Hindari,Tinggi Kalium & Tinggi Fosfor,68.3
Oncom Kedele,187.0,13.0,6.0,22.6,100g,552.6,343.0,11.6,Hindari,Tinggi Kalium & Tinggi Fosfor,56.9
Oncom Merah Goreng ,368.0,6.8,32.0,13.2,100g,501.6,277.4,16.1,Hindari,Tinggi Kalium & Tinggi Fosfor,8.0
Oncom Merah Goreng bertepung ,320.0,7.3,18.7,31.0,100g,524.8,289.4,16.2,Hindari,Tinggi Kalium & Tinggi Fosfor,8.0
Oncom Merah Sayur (tumis) ,40.0,2.0,2.0,3.0,100g,398.6,221.6,14.5,Hindari,Tinggi Kalium & Tinggi Fosfor & Tinggi Cairan,91.5
Oncom pepes,76.0,5.2,1.8,10.6,200g,474.3,244.6,24.6,Hindari,Tinggi Kalium & Tinggi Fosfor & Tinggi Cairan,80.9
Onde-onde ,288.6,8.3,8.9,44.3,100g,103.9,77.2,12.3,Aman,Normal / Seimbang,37.0
Ongol-ongol ,115.0,1.5,6.0,14.0,100g,54.2,34.1,12.3,Batasi,Rendah Kalium,77.0
Ongol-ongol sagu,111.0,0.3,2.7,21.2,100g,56.6,26.4,13.3,Aman,Rendah Kalium,74.3
Opak Singkong ,940.0,36.0,42.0,104.0,100g,543.3,179.4,6.3,Hindari,Tinggi Kalium,0.0
Oramu ninahu ndawa olaho masakan,117.0,13.7,5.0,4.3,100g,91.4,111.8,14.2,Batasi,Rendah Kalium,75.5
Otak,125.0,10.4,8.6,0.8,100g,71.0,85.7,5.8,Batasi,Rendah Kalium,78.7
Oyek,351.0,0.9,0.9,84.9,100g,90.8,35.3,11.6,Aman,Rendah Kalium,11.8
Oyek (dari singkong),342.0,2.3,0.1,83.1,100g,542.7,30.2,5.2,Hindari,Tinggi Kalium,13.0
Paku hinela wulelenggapaya,77.0,3.5,4.6,5.4,100g,54.7,59.1,5.9,Batasi,Rendah Kalium & Tinggi Cairan,85.0
Pala biji,494.0,7.5,36.4,40.1,100g,64.6,65.1,14.2,Aman,Rendah Kalium,14.5
Pala daging,42.0,0.3,0.2,10.9,100g,285.7,146.7,61.7,Batasi,Tinggi Cairan,87.1
Paniki masak santan masakan,460.0,28.5,35.2,7.2,100g,156.9,148.3,10.4,Batasi,Normal / Seimbang,27.6
Papais ,133.8,3.0,1.6,27.0,100g,67.8,52.1,10.0,Aman,Rendah Kalium,66.9
Papeda,61.0,0.2,0.1,14.9,100g,51.9,16.0,9.4,Batasi,Rendah Kalium & Tinggi Cairan,83.3
Parede baleh masakan,87.0,10.5,2.5,5.5,100g,87.6,74.4,12.2,Batasi,Rendah Kalium,80.0
Paria (Pare),29.0,1.1,0.3,6.6,100g,55.1,37.2,12.7,Batasi,Rendah Kalium & Tinggi Cairan,90.5
Paria Putih kukus,16.0,0.8,0.2,3.4,100g,122.5,27.8,9.2,Batasi,Tinggi Cairan,94.1
Paria putih segar,19.0,1.0,0.4,3.6,100g,51.2,34.8,12.9,Batasi,Rendah Kalium & Tinggi Cairan,93.5
Pastel,307.0,4.5,13.3,42.4,100g,83.4,38.9,16.6,Aman,Rendah Kalium,38.3
Pati Singkong (tapioka),362.0,0.5,0.3,86.9,100g,508.0,29.0,10.4,Hindari,Tinggi Kalium,10.8
Pe-Cay,23.0,1.8,0.3,4.5,100g,42.1,37.4,10.8,Batasi,Rendah Kalium & Tinggi Cairan,91.9
Peda Ikan Banjar,156.0,28.0,4.0,0.0,100g,398.3,380.8,58.1,Hindari,Tinggi Kalium & Tinggi Fosfor,66.5
Pelecing kangkung,75.0,2.5,2.8,10.0,100g,135.3,37.1,5.6,Batasi,Tinggi Cairan,83.2
Pelepah manuk masakan,219.0,19.7,13.6,4.4,100g,112.5,126.2,10.7,Batasi,Normal / Seimbang,60.8
Pempek adaan,162.0,4.9,3.0,27.8,100g,72.5,52.8,5.9,Aman,Rendah Kalium,62.8
Pempek belida,156.0,4.2,1.4,31.6,100g,74.9,67.9,12.1,Aman,Rendah Kalium,61.3
Pempek kapal selam,152.0,4.5,2.3,28.2,100g,73.8,60.8,6.9,Aman,Rendah Kalium,63.5
Pempek kelesan,211.0,12.3,6.1,26.6,200g,112.3,92.0,18.5,Aman,Normal / Seimbang,53.5
Pempek kulit,243.0,5.2,7.3,39.1,100g,73.0,72.9,15.1,Aman,Rendah Kalium,46.9
Pempek tenggiri,173.0,7.2,1.2,33.4,100g,88.0,69.3,11.0,Aman,Rendah Kalium,56.7
Pencok lele masakan,372.0,7.8,36.3,3.5,100g,83.3,71.2,4.1,Aman,Rendah Kalium,50.9
Penyu serapah masakan,174.0,13.1,12.2,2.2,100g,309.7,246.0,67.5,Hindari,Tinggi Kalium & Tinggi Fosfor,71.0
Pepare ular segar,19.0,0.6,0.1,3.9,100g,48.2,47.5,4.2,Batasi,Rendah Kalium & Tinggi Cairan,93.9
Pepaya lodeh,275.0,11.6,11.6,30.2,100g,122.3,35.5,2.6,Aman,Normal / Seimbang,45.1
Pepaya Muda,26.0,2.1,0.1,4.9,100g,102.7,18.5,1.3,Batasi,Tinggi Cairan,91.4
Pepaya segar,46.0,0.5,12.0,12.2,100g,118.8,16.4,2.5,Aman,Normal / Seimbang,73.8
Pepea oncom ampas tahu,76.0,5.2,1.8,10.6,100g,468.8,270.3,12.2,Hindari,Tinggi Kalium & Tinggi Fosfor & Tinggi Cairan,80.9
Permen ,400.0,0.0,0.0,95.0,100g,89.8,48.2,16.3,Aman,Rendah Kalium,3.5
Pete Segar,142.0,10.4,2.0,22.0,100g,84.4,84.7,6.8,Aman,Rendah Kalium,64.1
Peterseli,50.0,3.7,1.0,9.0,100g,66.1,55.3,4.5,Batasi,Rendah Kalium & Tinggi Cairan,84.8
Petis Ikan,161.0,20.0,0.2,24.0,100g,346.8,416.3,567.5,Hindari,Tinggi Kalium & Tinggi Fosfor & Tinggi Natrium,54.3
Petis Udang,220.0,15.0,0.1,40.0,100g,347.5,411.6,834.8,Hindari,Tinggi Kalium & Tinggi Fosfor & Tinggi Natrium,43.4
Petis udang kering,345.0,23.8,1.4,59.3,100g,381.2,427.7,676.0,Hindari,Tinggi Kalium & Tinggi Fosfor & Tinggi Natrium,8.0
Petis udang pasta,220.0,15.0,0.9,38.0,100g,357.3,339.3,734.3,Hindari,Tinggi Kalium & Tinggi Fosfor & Tinggi Natrium,44.6
Pilus ,514.0,1.0,27.8,647.0,30g,306.6,150.2,834.5,Hindari,Tinggi Kalium & Tinggi Natrium,0.0
Pinda masakan,107.0,15.9,0.6,0.4,100g,104.4,114.2,7.9,Batasi,Tinggi Cairan,81.6
Pindang Ikan Banjar,157.0,28.0,4.2,0.0,100g,423.5,464.3,466.5,Hindari,Tinggi Kalium & Tinggi Fosfor & Tinggi Natrium,66.3
Pindang Ikan Benggol,170.0,31.0,4.2,0.0,100g,418.4,479.9,633.8,Hindari,Tinggi Kalium & Tinggi Fosfor & Tinggi Natrium,63.3
Pindang Ikan Layang,153.0,30.0,2.8,0.0,100g,422.8,401.6,677.4,Hindari,Tinggi Kalium & Tinggi Fosfor & Tinggi Natrium,65.7
Pindang Ikan Selar Kecil,142.0,27.0,3.0,0.0,100g,401.0,452.8,553.5,Hindari,Tinggi Kalium & Tinggi Fosfor & Tinggi Natrium,68.5
Pindang kenari masakan,124.0,9.5,9.6,0.0,100g,88.9,178.8,714.3,Hindari,Rendah Kalium & Tinggi Natrium,79.4
Pisang Ambon,99.0,1.2,0.2,25.8,100g,348.0,11.5,1.0,Hindari,Tinggi Kalium,71.3
Pisang angleng (pisang ampyang) segar,68.0,1.3,0.2,17.2,100g,343.1,15.7,1.9,Hindari,Tinggi Kalium,79.8
Pisang ayam segar,120.0,1.1,0.2,26.8,100g,257.7,146.9,69.9,Batasi,Normal / Seimbang,70.4
Pisang gapi segar ,127.0,2.1,0.3,31.1,100g,344.5,19.6,1.2,Hindari,Tinggi Kalium,65.0
Pisang Goreng ,220.0,2.3,2.3,6.3,100g,325.6,13.3,1.6,Hindari,Tinggi Kalium,8.0
Pisang goroho segar,115.0,1.9,0.2,27.9,100g,375.3,18.3,2.8,Hindari,Tinggi Kalium,68.5
Pisang hijau segar,117.0,2.0,0.3,28.9,100g,369.6,13.7,1.7,Hindari,Tinggi Kalium,67.3
Pisang kayu segar,100.0,1.4,0.5,23.6,100g,344.3,19.5,1.0,Hindari,Tinggi Kalium,73.0
Pisang kepok segar,109.0,0.8,0.5,26.3,100g,372.3,16.7,3.5,Hindari,Tinggi Kalium,70.9
Pisang ketip segar,145.0,1.1,0.3,34.5,100g,361.8,16.9,3.8,Hindari,Tinggi Kalium,62.6
Pisang kidang segar,96.0,1.0,0.2,22.5,100g,345.5,9.9,1.0,Hindari,Tinggi Kalium,74.8
Pisang Lampung,99.0,1.3,0.2,25.6,100g,368.9,9.6,1.7,Hindari,Tinggi Kalium,71.4
Pisang Mas,127.0,1.4,0.2,33.6,100g,373.5,16.1,2.3,Hindari,Tinggi Kalium,63.3
Pisang mas bali,127.0,1.4,0.2,31.8,100g,368.3,19.3,1.2,Hindari,Tinggi Kalium,65.1
Pisang Oli,134.0,1.1,0.5,35.5,100g,358.9,12.4,2.7,Hindari,Tinggi Kalium,61.4
Pisang Raja,120.0,1.2,0.2,31.8,100g,378.5,16.4,2.9,Hindari,Tinggi Kalium,65.3
Pisang Raja Sere (Susu),118.0,1.2,0.2,31.1,200g,171.9,199.4,259.1,Batasi,Normal / Seimbang,66.0
Pisang rotan segar,98.0,1.3,1.2,20.5,100g,363.6,20.6,1.0,Hindari,Tinggi Kalium,75.5
Pisang Siam goreng,625.0,1.0,0.0,8.1,100g,331.0,12.3,2.6,Hindari,Tinggi Kalium,8.0
Pisang talas segar,113.0,1.2,0.2,26.7,100g,381.8,33.4,10.7,Hindari,Tinggi Kalium,70.4
Prey (bawang daun),45.0,2.2,0.3,10.3,100g,150.7,36.0,6.0,Batasi,Tinggi Cairan,85.7
Pucuk lumai/daun leunca segar,33.0,4.5,0.4,2.8,100g,123.2,50.2,9.6,Batasi,Tinggi Cairan,90.8
Pulut,216.0,2.6,3.1,44.4,100g,71.5,43.4,3.9,Aman,Rendah Kalium,48.4
Punai daging goreng,224.0,26.2,11.3,4.4,100g,382.7,369.4,54.8,Hindari,Tinggi Kalium & Tinggi Fosfor,8.0
Pundut nasi,104.0,1.9,4.1,15.1,150g,59.2,51.6,7.0,Batasi,Rendah Kalium,77.4
Purundawa,25.0,1.5,0.5,3.6,100g,53.2,49.3,12.0,Batasi,Rendah Kalium & Tinggi Cairan,92.9
Purut segar,76.0,4.1,1.1,15.2,100g,88.4,40.1,16.2,Batasi,Rendah Kalium,78.1
Putri malu segar,76.0,3.6,0.3,14.6,100g,62.1,57.4,13.8,Batasi,Rendah Kalium,80.0
Putri selat,163.0,2.2,6.5,23.8,100g,56.4,46.7,4.6,Aman,Rendah Kalium,66.0
Putu Mayang ,200.0,1.0,2.4,43.8,100g,70.8,41.9,14.6,Aman,Rendah Kalium,51.3
Ragi,136.0,43.0,2.4,3.0,100g,205.2,231.4,12.6,Hindari,Tinggi Fosfor,50.1
Rajungan segar,76.0,12.1,2.0,2.4,100g,81.3,83.8,16.7,Batasi,Rendah Kalium & Tinggi Cairan,82.0
Rambutan,69.0,0.9,0.1,18.1,100g,66.9,37.1,12.2,Batasi,Rendah Kalium,79.4
Rambutan Aceh,11.0,0.0,0.0,2.7,100g,38.8,44.4,14.7,Batasi,Rendah Kalium & Tinggi Cairan,95.8
Rambutan binjai segar,76.0,0.5,0.2,18.0,100g,69.5,30.2,10.5,Batasi,Rendah Kalium,79.8
Rambutan sinyonya,4.0,0.0,0.0,0.9,100g,47.2,40.2,11.1,Batasi,Rendah Kalium & Tinggi Cairan,97.6
Rarawuan ,295.0,7.3,8.5,47.5,100g,82.6,74.9,14.9,Aman,Rendah Kalium,35.2
Rasbi (Beras Ubi),394.0,2.2,8.8,76.6,100g,475.0,40.3,10.3,Hindari,Tinggi Kalium,10.9
Rasi (Beras Singkong),350.0,0.9,0.4,85.7,100g,517.6,29.4,9.1,Hindari,Tinggi Kalium,11.5
Rawon masakan,60.0,5.4,2.5,4.0,100g,58.6,59.5,3.4,Batasi,Rendah Kalium & Tinggi Cairan,86.6
Rebon (udang kecil segar),81.0,16.2,1.2,0.7,100g,366.6,252.8,77.0,Hindari,Tinggi Kalium & Tinggi Fosfor & Tinggi Cairan,80.4
Rebon kering,299.0,29.4,3.6,3.2,100g,415.1,368.0,60.0,Hindari,Tinggi Kalium & Tinggi Fosfor,8.0
Rebon udang kecil segar,81.0,16.2,1.2,0.7,100g,343.3,288.5,45.1,Hindari,Tinggi Kalium & Tinggi Fosfor & Tinggi Cairan,80.4
Rebung,27.0,0.6,0.3,5.2,100g,59.4,40.4,7.2,Batasi,Rendah Kalium & Tinggi Cairan,92.4
Rebung laut mentah,320.0,7.2,4.2,63.3,100g,86.9,80.8,8.2,Aman,Rendah Kalium,23.8
Rempeyek kacang tolo,451.0,11.2,20.2,59.7,100g,503.2,326.7,16.4,Hindari,Tinggi Kalium & Tinggi Fosfor,7.4
Rempeyek kacang uci,497.0,17.0,27.6,50.8,100g,566.6,359.2,10.9,Hindari,Tinggi Kalium & Tinggi Fosfor,3.1
Rendang sapi masakan,193.0,22.6,7.9,7.8,100g,406.3,332.2,69.3,Hindari,Tinggi Kalium & Tinggi Fosfor,60.2
Renggi goreng,471.0,4.7,21.8,64.1,100g,90.0,70.2,12.0,Aman,Rendah Kalium,7.9
Rimbang segar,75.0,1.6,0.6,15.8,100g,47.5,45.8,20.3,Batasi,Rendah Kalium & Tinggi Cairan,80.5
Risoles ,335.0,5.3,3.5,70.5,200g,83.6,56.0,13.7,Aman,Rendah Kalium,19.2
Roti boong,341.0,5.5,16.2,43.3,100g,81.1,51.9,16.5,Aman,Rendah Kalium,33.5
Roti Gambang ,350.0,7.5,2.0,75.5,100g,120.0,70.3,8.4,Aman,Normal / Seimbang,13.5
Roti Putih,248.0,8.0,1.2,50.0,100g,80.6,73.1,16.4,Aman,Rendah Kalium,39.3
Roti warna sawo matang,249.0,7.9,1.5,49.7,100g,96.3,70.5,9.6,Aman,Rendah Kalium,39.4
Rujak cingur,153.0,11.3,8.4,8.0,100g,79.0,92.5,15.7,Aman,Rendah Kalium,70.8
Rumput laut,41.0,1.4,0.3,8.1,100g,40.8,54.0,14.3,Batasi,Rendah Kalium & Tinggi Cairan,88.7
Rusa daging dendeng mentah,536.0,40.5,41.5,0.0,30g,510.7,560.2,686.2,Hindari,Tinggi Kalium & Tinggi Fosfor & Tinggi Natrium,16.5
Rusip,110.0,11.5,2.0,11.7,100g,104.3,92.4,11.0,Aman,Normal / Seimbang,73.3
RW anjing masakan,198.0,24.6,10.7,0.9,100g,123.2,155.5,8.1,Batasi,Normal / Seimbang,62.3
Saga biji tanpa kulit,449.0,30.6,25.5,31.9,100g,177.9,170.4,18.4,Batasi,Normal / Seimbang,10.5
Sagu Ambon ,338.0,0.6,0.3,83.1,100g,85.8,36.6,9.9,Aman,Rendah Kalium,14.5
Sagu aren kering,355.0,0.6,1.1,85.6,100g,78.6,41.1,12.3,Aman,Rendah Kalium,8.0
Sagu aren segar,231.0,0.6,0.2,56.6,100g,65.0,36.4,12.3,Aman,Rendah Kalium,41.1
Sagu forno,291.0,0.5,4.0,63.4,100g,55.1,40.9,8.1,Aman,Rendah Kalium,30.6
Sagu kasbi segar,230.0,0.6,0.2,56.5,100g,60.5,24.2,4.8,Aman,Rendah Kalium,41.2
Sagu Lemak (Kue Sagon),452.0,2.8,14.8,76.8,30g,74.7,41.9,19.8,Aman,Rendah Kalium,4.1
Sagu lempeng,347.0,0.9,0.3,85.2,100g,78.0,40.5,13.6,Aman,Rendah Kalium,12.1
Sagu Rendang,364.0,0.1,0.2,90.5,100g,82.6,34.8,7.2,Aman,Rendah Kalium,7.7
Sagu singkong kering,362.0,0.5,0.3,86.9,100g,552.7,34.5,4.6,Hindari,Tinggi Kalium,8.0
Sagu sinole,354.0,0.8,8.3,68.9,100g,67.2,36.4,8.1,Aman,Rendah Kalium,20.5
Salak bali segar,57.0,0.5,0.1,13.6,100g,56.2,31.4,20.7,Batasi,Rendah Kalium & Tinggi Cairan,84.3
Salak medan segar,55.0,0.4,0.2,12.8,100g,61.0,38.5,16.1,Batasi,Rendah Kalium & Tinggi Cairan,85.1
Salak pondoh segar,87.0,0.8,0.4,20.1,100g,64.7,34.1,8.7,Batasi,Rendah Kalium,77.2
Sale pisang siam,281.0,2.4,0.7,66.1,100g,403.9,20.6,2.1,Hindari,Tinggi Kalium,29.3
Santan (dengan air),122.0,2.0,10.0,7.6,100g,42.4,37.6,11.7,Batasi,Rendah Kalium,78.9
Santan (kelapa saja),324.0,4.2,34.3,55.6,100g,390.0,28.4,1.0,Hindari,Tinggi Kalium,4.4
Santan murni,324.0,4.2,34.3,5.6,100g,66.0,65.8,21.1,Aman,Rendah Kalium,54.4
Saos Tomat,98.0,2.0,0.4,24.5,100g,154.5,36.0,9.1,Batasi,Normal / Seimbang,71.6
Sapi abon,212.0,18.0,10.6,59.3,30g,362.9,410.9,414.6,Hindari,Tinggi Kalium & Tinggi Fosfor & Tinggi Natrium,10.6
Sapi babat segar,108.0,17.6,4.2,0.0,100g,359.3,279.3,81.4,Hindari,Tinggi Kalium & Tinggi Fosfor,76.7
Sapi daging asap,182.0,32.0,6.0,0.0,100g,422.5,385.2,80.9,Hindari,Tinggi Kalium & Tinggi Fosfor,60.5
Sapi daging dendeng mentah,301.0,55.0,9.0,0.0,30g,545.9,671.1,814.7,Hindari,Tinggi Kalium & Tinggi Fosfor & Tinggi Natrium,34.5
Sapi daging gemuk segar,273.0,17.5,22.0,0.0,100g,330.4,274.9,60.1,Hindari,Tinggi Kalium & Tinggi Fosfor,59.0
Sapi daging kornet,289.0,16.0,25.0,0.0,100g,346.5,411.7,505.2,Hindari,Tinggi Kalium & Tinggi Fosfor & Tinggi Natrium,57.5
Sapi daging kurus segar,174.0,19.6,10.0,0.0,100g,372.9,313.6,68.6,Hindari,Tinggi Kalium & Tinggi Fosfor,68.9
Sapi daging lemak sedang segar,201.0,18.8,14.0,0.0,100g,385.4,296.6,75.8,Hindari,Tinggi Kalium & Tinggi Fosfor,65.7
Sapi daging sosis (Worst),448.0,14.5,42.3,2.3,100g,350.2,381.9,839.9,Hindari,Tinggi Kalium & Tinggi Fosfor & Tinggi Natrium,39.4
Sapi daleman segar,183.0,12.0,14.4,1.4,100g,300.5,224.5,67.3,Hindari,Tinggi Kalium & Tinggi Fosfor,70.7
Sapi dideh/darah,98.0,21.9,1.1,0.0,100g,383.4,306.9,66.1,Hindari,Tinggi Kalium & Tinggi Fosfor,75.5
Sapi ginjal segar,137.0,15.0,8.1,0.9,100g,374.3,270.8,55.9,Hindari,Tinggi Kalium & Tinggi Fosfor,74.5
Sapi hati sosis (liverworst),274.0,16.0,22.0,3.0,100g,345.8,358.4,662.3,Hindari,Tinggi Kalium & Tinggi Fosfor & Tinggi Natrium,57.5
Sapi keleponan segar,84.0,10.5,4.6,0.2,100g,292.6,227.2,60.5,Hindari,Tinggi Fosfor & Tinggi Cairan,83.2
Sapi liver segar,132.0,19.7,3.2,6.0,100g,309.8,322.4,73.7,Hindari,Tinggi Kalium & Tinggi Fosfor,69.6
Sapi otak segar,123.0,10.4,8.6,0.8,100g,309.7,228.2,55.6,Hindari,Tinggi Kalium & Tinggi Fosfor,78.7
Sapi paru dendeng mentah,360.0,57.3,6.0,19.2,30g,609.1,716.9,839.1,Hindari,Tinggi Kalium & Tinggi Fosfor & Tinggi Natrium,16.0
Sapi paru goreng,268.0,23.9,12.7,14.5,100g,364.7,324.3,66.1,Hindari,Tinggi Kalium & Tinggi Fosfor,8.0
Sapi usus segar,126.0,14.0,7.2,1.5,100g,327.9,252.4,64.3,Hindari,Tinggi Kalium & Tinggi Fosfor,75.8
Sarang Burung,281.0,37.5,0.3,32.1,100g,188.4,204.2,7.8,Hindari,Tinggi Fosfor,28.6
Sardines dalam kaleng,338.0,21.1,27.0,1.0,200g,113.5,119.7,15.9,Batasi,Normal / Seimbang,49.4
Sari Kedelai bubuk,344.0,30.0,20.0,43.0,100g,667.4,477.3,20.5,Hindari,Tinggi Kalium & Tinggi Fosfor,5.5
Sarimuka,166.0,2.3,2.8,32.9,100g,63.8,24.5,10.6,Aman,Rendah Kalium,60.5
Sate Bandeng,283.0,12.1,16.8,20.9,100g,95.2,81.4,9.9,Aman,Rendah Kalium,48.7
Sate Kulit ,110.0,15.5,0.5,11.5,100g,116.1,110.1,8.3,Batasi,Normal / Seimbang,71.0
Sate penyu masakan,179.0,22.5,3.5,13.3,100g,116.3,133.6,11.1,Batasi,Normal / Seimbang,59.2
Sate pusut masakan,274.0,12.9,18.6,13.6,100g,99.6,88.8,14.0,Aman,Rendah Kalium,53.4
Sate Usus ,126.7,14.0,7.3,1.3,100g,110.0,104.5,11.8,Batasi,Normal / Seimbang,75.9
Sawi,22.0,2.3,0.3,4.0,100g,132.6,33.9,10.4,Batasi,Tinggi Cairan,91.9
Sawi putih / pecai segar,9.0,1.0,0.1,1.7,100g,124.5,29.7,8.1,Batasi,Tinggi Cairan,95.7
Sawi taiwan segar,30.0,1.9,0.5,4.4,100g,129.3,28.1,8.6,Batasi,Tinggi Cairan,91.7
Sawi tanah segar,19.0,1.3,0.2,2.9,100g,132.7,32.9,6.9,Batasi,Tinggi Cairan,94.1
Sawo,92.0,0.5,1.1,22.4,100g,65.5,30.2,18.8,Aman,Rendah Kalium,74.5
Sawo duren segar,64.0,1.0,3.1,8.0,100g,37.7,43.0,13.9,Batasi,Rendah Kalium & Tinggi Cairan,86.4
Sawo kecik segar,111.0,0.9,2.3,21.6,100g,50.4,42.4,17.1,Aman,Rendah Kalium,73.7
Sawo Manila segar,92.0,0.5,1.1,22.4,100g,38.0,41.3,2.0,Aman,Rendah Kalium,74.5
Sayur asem,29.0,0.7,0.6,5.0,100g,124.4,34.7,6.8,Batasi,Tinggi Cairan,92.2
Sayur bunga pepaya,49.0,1.7,0.3,9.8,100g,127.7,31.9,12.1,Batasi,Tinggi Cairan,86.7
Sayur garu,178.0,2.6,13.9,10.6,100g,120.7,32.5,11.0,Aman,Normal / Seimbang,71.4
Sayur kohu-kohu,133.0,7.3,6.6,11.2,100g,165.7,57.4,5.5,Batasi,Normal / Seimbang,73.4
Sayur lebui,64.0,2.1,0.6,12.5,100g,170.2,40.8,9.4,Batasi,Tinggi Cairan,83.3
Sayur lilin-terubuk,36.0,2.7,0.7,4.8,100g,126.0,37.0,7.7,Batasi,Tinggi Cairan,90.3
Sayur ndusuk,49.0,3.1,2.5,3.6,100g,138.3,44.8,9.8,Batasi,Tinggi Cairan,89.3
Sayur sop,27.0,1.3,2.0,1.0,100g,118.3,36.4,8.6,Batasi,Tinggi Cairan,94.2
Sayur umbut kelapa,67.0,5.2,2.9,5.1,100g,144.4,54.3,5.8,Batasi,Tinggi Cairan,85.3
Sayur umbut rotan,57.0,5.4,2.6,3.1,100g,133.3,47.2,4.9,Batasi,Tinggi Cairan,87.4
Selada,15.0,1.2,0.2,2.9,100g,137.6,40.4,4.3,Batasi,Tinggi Cairan,94.2
Selada Air,17.0,1.7,0.3,3.0,100g,133.2,35.2,8.2,Batasi,Tinggi Cairan,93.5
Selada Air rebus,19.0,2.7,0.2,2.9,100g,132.1,32.0,8.5,Batasi,Tinggi Cairan,92.7
Seledri,20.0,1.0,0.1,4.6,100g,44.3,22.0,16.8,Batasi,Rendah Kalium & Tinggi Cairan,92.8
Semangka,28.0,0.5,0.2,6.9,100g,112.5,13.4,2.2,Batasi,Tinggi Cairan,90.9
Semur Jengkol ,192.5,4.5,6.0,30.3,100g,81.5,57.0,15.6,Aman,Rendah Kalium,57.7
Sente,64.0,0.6,0.3,14.8,100g,50.6,48.2,13.3,Batasi,Rendah Kalium & Tinggi Cairan,82.8
Sente talas segar,353.0,0.7,0.2,84.7,100g,517.3,23.1,8.6,Hindari,Tinggi Kalium,12.9
Sepi masakan,88.0,7.9,1.6,10.6,100g,70.2,65.4,8.7,Batasi,Rendah Kalium,78.4
Serbuk Coklat,298.0,8.0,23.8,48.9,100g,84.0,88.0,17.3,Aman,Rendah Kalium,17.8
Serimping talas kebumen,478.0,2.5,21.2,69.2,100g,532.6,31.4,8.1,Hindari,Tinggi Kalium,5.6
Setrup sirup,213.0,0.0,0.0,55.0,100g,56.7,29.4,8.3,Aman,Rendah Kalium,43.5
Shabu-shabu,88.0,3.2,8.0,0.8,100g,66.4,46.2,16.3,Batasi,Rendah Kalium & Tinggi Cairan,86.5
Sie reuboh masakan,474.0,11.2,42.5,11.7,100g,93.7,103.8,6.1,Batasi,Rendah Kalium,33.1
Singkah (rotan muda),81.0,5.1,4.5,5.1,100g,75.0,67.1,8.1,Batasi,Rendah Kalium & Tinggi Cairan,83.8
Singkong Goreng ,285.0,1.0,18.0,28.0,100g,435.6,30.8,7.5,Hindari,Tinggi Kalium,8.0
Singkong kukus,146.0,1.2,0.3,34.7,100g,401.9,27.5,12.1,Hindari,Tinggi Kalium,62.3
Singkong tape,173.0,0.5,0.1,42.5,100g,436.5,30.4,6.4,Hindari,Tinggi Kalium,55.4
Siomay ,95.3,4.4,2.2,14.4,100g,59.9,174.3,606.8,Hindari,Rendah Kalium & Tinggi Natrium,77.5
Sirsak,65.0,1.0,0.3,16.3,100g,55.9,38.1,13.6,Batasi,Rendah Kalium & Tinggi Cairan,80.9
Sirup,213.0,0.0,0.0,55.0,100g,72.5,40.9,8.1,Aman,Rendah Kalium,43.5
Sop buntut masakan,71.0,7.5,3.6,2.2,100g,69.9,78.3,15.6,Batasi,Rendah Kalium & Tinggi Cairan,85.2
Sop daging sapi masakan,49.0,5.8,0.5,5.3,100g,264.4,197.7,49.2,Batasi,Tinggi Cairan,86.9
Sop kaki sapi masakan,68.0,9.0,1.9,3.7,100g,310.4,240.3,57.4,Hindari,Tinggi Kalium & Tinggi Fosfor & Tinggi Cairan,83.9
Sop kambing masakan,34.0,5.5,0.8,1.1,100g,273.6,200.4,52.7,Hindari,Tinggi Fosfor & Tinggi Cairan,91.1
Sop konro masakan,71.0,7.4,2.6,4.5,100g,67.6,73.1,9.5,Batasi,Rendah Kalium & Tinggi Cairan,84.0
Sop Kool,12.0,0.5,0.1,2.0,100g,45.7,43.2,13.7,Batasi,Rendah Kalium & Tinggi Cairan,95.9
Sop Kool dan Wortel,15.0,0.6,0.1,3.1,100g,136.9,26.3,8.7,Batasi,Tinggi Cairan,94.7
Sop saudara masakan,89.0,7.2,5.0,3.9,100g,70.8,71.1,10.0,Batasi,Rendah Kalium & Tinggi Cairan,82.4
Soto bandung masakan,42.0,3.9,1.7,2.8,150g,58.3,44.6,11.9,Batasi,Rendah Kalium & Tinggi Cairan,90.1
Soto banjar masakan,110.0,2.9,9.5,3.2,150g,49.9,39.1,13.0,Batasi,Rendah Kalium & Tinggi Cairan,82.9
Soto betawi masakan,135.0,2.5,8.8,11.5,150g,60.1,52.5,10.3,Batasi,Rendah Kalium,75.7
Soto dengan Daging,127.5,2.6,9.4,8.3,150g,282.5,176.1,68.6,Batasi,Normal / Seimbang,78.2
Soto jeroan masakan,92.0,11.8,4.3,1.4,150g,80.3,89.3,13.5,Batasi,Rendah Kalium & Tinggi Cairan,81.0
Soto kudus masakan,38.0,2.6,2.3,1.8,150g,54.9,30.0,12.6,Batasi,Rendah Kalium & Tinggi Cairan,91.8
Soto madura masakan,60.0,3.5,4.5,1.3,150g,75.5,47.9,9.1,Batasi,Rendah Kalium & Tinggi Cairan,89.2
Soto padang masakan,127.0,5.9,6.6,11.0,150g,73.0,64.0,16.8,Aman,Rendah Kalium,75.0
Soto pekalongan masakan,94.0,3.0,6.8,5.1,150g,47.5,54.4,14.4,Batasi,Rendah Kalium & Tinggi Cairan,83.6
Soto pemalang masakan,75.0,3.6,5.2,3.5,150g,57.9,53.9,16.1,Batasi,Rendah Kalium & Tinggi Cairan,86.2
Soto sukaraja masakan,80.0,3.2,3.5,9.0,150g,66.8,40.3,15.3,Batasi,Rendah Kalium & Tinggi Cairan,82.8
Soto sulung masakan,86.0,2.3,8.5,0.0,150g,52.5,45.9,12.3,Batasi,Rendah Kalium & Tinggi Cairan,87.7
Soto tanpa Daging ,117.1,0.4,8.6,9.6,150g,259.2,167.3,64.3,Batasi,Normal / Seimbang,79.9
Spaghetti,139.0,7.4,2.1,22.6,100g,71.0,65.2,12.7,Aman,Rendah Kalium,66.4
Srikaya,101.0,1.7,0.6,35.2,100g,74.9,47.5,8.6,Aman,Rendah Kalium,61.0
Sukiyaki masakan,75.0,5.6,0.4,12.2,100g,89.4,62.3,17.1,Batasi,Rendah Kalium & Tinggi Cairan,80.3
Sukun muda segar,119.0,1.4,0.2,28.1,100g,59.9,45.6,15.4,Aman,Rendah Kalium,68.8
Sukun tua segar,126.0,1.6,0.2,24.5,100g,70.1,50.7,15.5,Aman,Rendah Kalium,72.2
Susu asam untuk bayi bubuk,418.0,19.0,9.0,65.5,200g,327.3,379.4,273.3,Hindari,Tinggi Kalium & Tinggi Fosfor,5.0
Susu bubuk,513.0,24.6,30.0,36.2,200g,390.8,451.9,396.6,Hindari,Tinggi Kalium & Tinggi Fosfor,7.7
Susu Kambing,64.0,4.3,2.3,6.6,200g,236.2,197.9,210.6,Batasi,Tinggi Cairan,85.3
Susu Kedelai,41.0,3.5,2.5,5.0,200g,451.5,252.6,12.9,Hindari,Tinggi Kalium & Tinggi Fosfor & Tinggi Cairan,87.5
Susu Kental Manis,336.0,8.2,10.0,55.0,200g,265.9,264.8,271.0,Hindari,Tinggi Fosfor,25.3
Susu Kental Tak Manis,138.0,7.0,7.9,9.9,200g,214.5,224.3,266.5,Hindari,Tinggi Fosfor,73.7
Susu Kerbau,160.0,6.3,12.0,7.1,200g,198.4,250.8,276.0,Hindari,Tinggi Fosfor,73.1
Susu Sapi,61.0,3.2,3.5,4.3,200g,254.2,233.0,233.0,Hindari,Tinggi Fosfor & Tinggi Cairan,87.5
Susu Skim (tak berlemak),36.0,3.5,0.1,5.1,200g,206.4,216.9,263.1,Hindari,Tinggi Fosfor & Tinggi Cairan,89.8
Susu skim bubuk,359.0,35.6,1.0,52.0,200g,440.2,560.4,209.4,Hindari,Tinggi Kalium & Tinggi Fosfor,9.9
Susu skim segar,36.0,3.5,0.1,5.1,200g,216.7,209.5,247.2,Hindari,Tinggi Fosfor & Tinggi Cairan,89.8
Susupan,87.0,5.3,5.2,6.3,150g,204.4,188.9,267.5,Batasi,Tinggi Cairan,81.7
Suweg kukus,90.0,1.5,0.1,21.9,100g,146.3,23.7,8.3,Aman,Normal / Seimbang,75.0
Suweg mentah,69.0,1.0,0.1,15.7,100g,61.1,38.5,10.2,Batasi,Rendah Kalium & Tinggi Cairan,81.7
Suweg talas segar,74.0,1.4,0.1,17.2,100g,387.0,29.8,5.3,Hindari,Tinggi Kalium,79.8
Suwir-suwir,347.0,0.5,0.9,84.2,100g,74.7,41.4,13.3,Aman,Rendah Kalium,12.9
Tahu,68.0,7.8,4.6,1.6,100g,502.2,267.5,14.3,Hindari,Tinggi Kalium & Tinggi Fosfor & Tinggi Cairan,84.5
Tahu goreng,115.0,9.7,8.5,2.5,100g,462.6,300.3,20.7,Hindari,Tinggi Kalium & Tinggi Fosfor,8.0
Tahu telur,328.0,12.6,19.9,24.6,100g,509.1,312.0,16.3,Hindari,Tinggi Kalium & Tinggi Fosfor,41.4
Takwa,148.0,13.8,8.5,4.0,100g,104.9,93.5,9.2,Aman,Normal / Seimbang,72.2
Talas bogor kukus,120.0,1.5,0.3,28.2,100g,361.5,32.2,12.1,Hindari,Tinggi Kalium,68.5
Talas pontianak segar,163.0,2.3,0.5,36.4,100g,432.5,35.3,8.6,Hindari,Tinggi Kalium,59.3
Talas viqueque segar,115.0,1.8,0.5,25.9,100g,406.3,29.8,9.6,Hindari,Tinggi Kalium,70.3
Tales kukus,120.0,1.5,0.3,28.2,200g,166.5,31.8,6.0,Batasi,Normal / Seimbang,68.5
Tales mentah,98.0,1.9,0.2,23.7,200g,71.6,48.9,9.8,Aman,Rendah Kalium,72.7
Taoco,166.0,10.4,4.9,24.1,100g,99.1,77.8,8.9,Aman,Rendah Kalium,59.1
Taoge goreng,88.0,3.2,2.1,14.0,100g,55.7,35.2,13.9,Aman,Rendah Kalium,8.0
Taoge kacang kedelai segar,76.0,9.0,2.6,6.4,100g,464.2,273.6,6.7,Hindari,Tinggi Kalium & Tinggi Fosfor & Tinggi Cairan,80.5
Taoge seduh,28.0,3.0,0.8,4.0,100g,56.4,47.3,10.7,Batasi,Rendah Kalium & Tinggi Cairan,90.7
Taoge segar,34.0,3.7,1.2,4.3,100g,51.3,42.3,13.9,Batasi,Rendah Kalium & Tinggi Cairan,89.3
Taokoa,104.0,12.9,6.8,1.2,100g,86.2,95.6,8.5,Batasi,Rendah Kalium,77.6
Tapai beras,99.0,1.7,0.3,22.4,100g,61.4,53.1,14.3,Aman,Rendah Kalium,74.1
Tapai ketan hitam,166.0,3.8,1.0,34.4,100g,68.8,54.2,11.0,Aman,Rendah Kalium,59.3
Tapai ketan putih,172.0,3.0,0.5,37.5,100g,70.6,45.9,11.3,Aman,Rendah Kalium,57.5
Tapai singkong,169.0,1.4,0.3,40.2,100g,437.7,27.3,6.0,Hindari,Tinggi Kalium,56.6
Tauco cap DAS cake,358.0,7.5,4.3,70.4,100g,88.3,55.9,7.1,Aman,Rendah Kalium,16.3
Tauji cap singa,277.0,9.1,4.7,49.6,100g,98.0,68.8,14.1,Aman,Rendah Kalium,35.1
Tebu Terubuk,25.0,4.6,0.4,3.0,100g,62.6,40.0,14.6,Batasi,Rendah Kalium & Tinggi Cairan,90.5
Tedong pallu basa masakan,83.0,10.4,3.4,2.8,100g,89.0,73.8,13.7,Batasi,Rendah Kalium & Tinggi Cairan,81.9
Teh,132.0,19.5,0.7,67.8,200g,133.5,123.5,6.9,Batasi,Normal / Seimbang,10.5
Teh hijau daun kering,300.0,28.3,4.8,53.6,200g,172.8,150.8,7.8,Batasi,Normal / Seimbang,8.0
Teh melati daun kering,299.0,24.1,3.5,59.0,200g,196.0,128.7,7.2,Batasi,Normal / Seimbang,8.0
Tekokak,34.0,2.0,0.1,7.9,100g,57.3,43.6,12.7,Batasi,Rendah Kalium & Tinggi Cairan,88.5
Tekokak kering,294.0,8.3,1.7,72.6,100g,97.7,81.7,7.3,Aman,Rendah Kalium,8.0
Tekwan,53.0,1.9,0.9,9.4,100g,59.3,53.0,13.9,Batasi,Rendah Kalium & Tinggi Cairan,86.3
Telur Ayam,162.0,12.8,11.5,0.7,100g,326.3,239.7,73.3,Hindari,Tinggi Kalium & Tinggi Fosfor,73.5
Telur Ayam bagian kuning,361.0,19.3,31.9,0.7,100g,337.7,283.1,61.8,Hindari,Tinggi Kalium & Tinggi Fosfor,46.6
Telur Ayam bagian putih,50.0,10.8,0.0,0.8,100g,344.2,235.6,57.3,Hindari,Tinggi Kalium & Tinggi Fosfor & Tinggi Cairan,86.9
Telur Ayam ceplok,383.0,15.1,32.9,8.3,100g,336.8,255.9,59.3,Hindari,Tinggi Kalium & Tinggi Fosfor,42.2
Telur Ayam dadar,251.0,16.3,19.4,1.4,100g,369.2,255.8,77.9,Hindari,Tinggi Kalium & Tinggi Fosfor,61.4
Telur ayam kampung ,179.0,13.6,13.3,4.4,100g,351.4,265.1,61.3,Hindari,Tinggi Kalium & Tinggi Fosfor,67.2
Telur bebek bagian kuning segar,386.0,17.0,35.0,0.8,100g,350.5,260.3,60.8,Hindari,Tinggi Kalium & Tinggi Fosfor,45.7
Telur Bebek bagian putih,54.0,11.0,0.0,0.8,100g,330.4,248.1,56.1,Hindari,Tinggi Kalium & Tinggi Fosfor & Tinggi Cairan,86.7
Telur bebek bagian putih segar,54.0,11.0,0.0,0.8,100g,313.2,230.7,53.8,Hindari,Tinggi Kalium & Tinggi Fosfor & Tinggi Cairan,86.7
Telur Bebek ceplok,320.0,15.1,30.5,0.9,100g,354.9,254.6,63.4,Hindari,Tinggi Kalium & Tinggi Fosfor,52.0
Telur Bebek dadar,301.0,20.0,23.7,0.0,100g,361.0,290.5,64.9,Hindari,Tinggi Kalium & Tinggi Fosfor,54.8
Telur bebek tambak segar,187.0,10.9,12.4,7.9,100g,315.6,227.3,59.2,Hindari,Tinggi Kalium & Tinggi Fosfor,67.3
Telur Bebek telur asin,195.0,13.6,13.6,1.4,100g,341.2,347.1,835.7,Hindari,Tinggi Kalium & Tinggi Fosfor & Tinggi Natrium,69.9
Telur burung puyuh segar,116.0,10.7,7.0,1.6,100g,322.0,217.1,53.2,Hindari,Tinggi Kalium & Tinggi Fosfor,79.2
Telur Penyu,144.0,12.0,10.2,0.0,100g,311.2,254.3,72.6,Hindari,Tinggi Kalium & Tinggi Fosfor,76.3
Telur Terubuk,425.0,31.0,28.0,10.0,100g,435.4,364.1,63.4,Hindari,Tinggi Kalium & Tinggi Fosfor,29.5
Tempe bongkrek,119.0,4.4,3.5,18.3,100g,471.5,257.8,7.6,Hindari,Tinggi Kalium & Tinggi Fosfor,72.3
Tempe Gembus,73.0,5.7,1.3,4.2,100g,454.7,264.6,17.1,Hindari,Tinggi Kalium & Tinggi Fosfor & Tinggi Cairan,87.3
Tempe gembus yogya,76.0,6.8,0.7,10.6,100g,433.1,272.0,15.6,Hindari,Tinggi Kalium & Tinggi Fosfor & Tinggi Cairan,80.4
Tempe Goreng ,328.0,18.4,23.2,12.8,100g,625.2,377.6,17.3,Hindari,Tinggi Kalium & Tinggi Fosfor,8.0
Tempe kacang babi,139.0,12.5,0.8,21.9,100g,525.0,291.4,13.4,Hindari,Tinggi Kalium & Tinggi Fosfor,63.3
Tempe kacang belimbing,212.0,17.5,10.0,12.9,100g,620.0,380.9,17.8,Hindari,Tinggi Kalium & Tinggi Fosfor,58.1
Tempe kedelai + jagung,143.0,12.0,5.5,11.4,100g,550.7,321.7,12.8,Hindari,Tinggi Kalium & Tinggi Fosfor,69.6
Tempe kedelai murni goreng,350.0,24.5,26.6,10.4,100g,661.7,441.0,11.2,Hindari,Tinggi Kalium & Tinggi Fosfor,8.0
Tempe kedelai murni mentah,201.0,20.8,8.8,13.5,100g,668.4,381.6,20.3,Hindari,Tinggi Kalium & Tinggi Fosfor,55.4
Tempe koro benguk,141.0,10.2,1.3,23.2,100g,486.8,310.4,12.1,Hindari,Tinggi Kalium & Tinggi Fosfor,63.8
Tempe lamtoro var. gung dengan kulit,146.0,11.7,2.3,19.6,100g,501.6,316.9,19.0,Hindari,Tinggi Kalium & Tinggi Fosfor,64.9
Tempe lamtoro var. gung tanpa kulit,131.0,18.0,0.8,13.0,100g,578.9,341.5,14.6,Hindari,Tinggi Kalium & Tinggi Fosfor,66.7
Tempe pasar segar,150.0,14.0,7.7,9.1,100g,557.8,340.2,18.8,Hindari,Tinggi Kalium & Tinggi Fosfor,67.7
Tempe pasar goreng,336.0,20.0,28.0,7.8,100g,618.5,407.8,15.9,Hindari,Tinggi Kalium & Tinggi Fosfor,8.0
Tempe Sayur ,240.0,6.0,2.7,49.3,100g,471.3,243.8,13.9,Hindari,Tinggi Kalium & Tinggi Fosfor,40.5
Tempoya,110.0,1.7,1.3,21.9,100g,57.0,50.3,13.8,Aman,Rendah Kalium,73.6
Tempuyak,126.0,1.1,2.2,25.7,100g,49.7,41.3,14.7,Aman,Rendah Kalium,69.5
Tepung Arrowroot,355.0,0.7,0.2,85.2,100g,93.8,45.3,15.0,Aman,Rendah Kalium,8.0
Tepung Beras,364.0,7.0,0.5,80.0,100g,102.0,69.6,17.0,Aman,Normal / Seimbang,8.0
Tepung beras mentah,353.0,7.0,0.5,80.0,100g,90.8,63.7,8.9,Aman,Rendah Kalium,8.0
Tepung Ganyong,353.0,0.8,1.7,83.6,100g,234.9,33.5,6.8,Batasi,Normal / Seimbang,8.0
Tepung Gaplek,363.0,1.1,0.5,88.2,100g,65.0,36.7,15.7,Aman,Rendah Kalium,8.0
Tepung Garut (arrowroot),355.0,0.7,0.2,85.2,100g,85.8,41.6,10.9,Aman,Rendah Kalium,8.0
Tepung Hunkwee,364.0,4.5,1.0,83.5,100g,83.9,59.4,8.7,Aman,Rendah Kalium,8.0
Tepung Ikan,316.0,60.1,6.5,22.4,100g,634.2,607.6,60.4,Hindari,Tinggi Kalium & Tinggi Fosfor,8.0
Tepung Jagung Kuning,355.0,9.2,3.9,73.7,100g,101.8,75.7,11.0,Aman,Normal / Seimbang,8.0
Tepung jagung putih,355.0,9.2,3.9,73.7,100g,115.6,77.9,9.1,Aman,Normal / Seimbang,8.0
Tepung Jalejo,388.0,19.0,7.5,61.2,100g,151.1,120.9,15.1,Batasi,Normal / Seimbang,8.0
Tepung Kacang Kedelai,347.0,35.9,20.6,29.9,100g,763.8,512.6,16.2,Hindari,Tinggi Kalium & Tinggi Fosfor,8.0
Tepung Kentang,347.0,0.3,0.1,85.6,100g,466.8,34.4,10.6,Hindari,Tinggi Kalium,8.0
Tepung Mocaf,350.0,1.2,0.6,85.0,100g,80.0,31.6,13.4,Aman,Rendah Kalium,8.0
Tepung Pisang,338.0,2.9,0.4,80.6,100g,420.0,20.3,2.2,Hindari,Tinggi Kalium,8.0
Tepung Sagu,353.0,0.7,0.2,84.7,100g,85.4,49.7,14.3,Aman,Rendah Kalium,8.0
Tepung Sente,326.0,4.0,0.4,76.7,100g,81.3,63.9,18.6,Aman,Rendah Kalium,8.0
Tepung singkong/ Tapioka,363.0,1.1,0.5,88.2,100g,597.6,25.5,8.5,Hindari,Tinggi Kalium,8.0
Tepung Sukun,353.0,2.9,0.5,84.4,100g,72.3,52.5,9.8,Aman,Rendah Kalium,8.0
Tepung Susu,509.0,24.6,30.0,36.2,200g,405.7,443.6,327.8,Hindari,Tinggi Kalium & Tinggi Fosfor,7.7
Tepung Susu Asam untuk bayi,418.0,19.0,9.0,65.5,200g,324.9,358.4,283.8,Hindari,Tinggi Kalium & Tinggi Fosfor,5.0
Tepung Susu Skim,362.0,35.6,1.0,52.0,200g,433.8,587.6,173.1,Hindari,Tinggi Kalium & Tinggi Fosfor,8.0
Tepung Tales Beneng,332.0,5.7,0.6,76.1,200g,92.8,73.8,13.4,Aman,Rendah Kalium,8.0
Tepung Terigu,365.0,8.9,1.3,77.3,100g,100.2,74.8,12.1,Aman,Normal / Seimbang,8.0
Tepung Ubi Ungu,354.0,2.8,0.6,84.4,100g,523.7,32.1,9.2,Hindari,Tinggi Kalium,8.0
Terasi,155.0,22.3,2.9,9.9,100g,105.4,240.9,736.0,Hindari,Tinggi Fosfor & Tinggi Natrium,63.4
Terasi dobo,191.0,33.1,3.6,6.6,100g,152.2,271.6,653.3,Hindari,Tinggi Fosfor & Tinggi Natrium,55.2
Terasi Merah,174.0,30.0,3.5,3.5,100g,147.6,339.8,649.4,Hindari,Tinggi Fosfor & Tinggi Natrium,61.5
Terasi merah,174.0,30.0,3.5,5.6,100g,140.9,257.2,583.7,Hindari,Tinggi Fosfor & Tinggi Natrium,59.4
Teri balado masakan,365.0,23.7,22.3,17.5,100g,128.7,139.6,18.4,Batasi,Normal / Seimbang,35.0
Teripang dendeng mentah,462.0,39.1,32.4,3.5,30g,189.7,256.9,518.2,Hindari,Tinggi Fosfor & Tinggi Natrium,23.5
Terong,24.0,1.1,0.2,5.5,100g,44.6,47.6,14.1,Batasi,Rendah Kalium & Tinggi Cairan,91.7
Terong + Oncom makanan,285.0,4.3,25.7,9.5,100g,457.5,254.1,12.2,Hindari,Tinggi Kalium & Tinggi Fosfor,59.0
Terong Asam,39.0,2.3,1.9,2.0,100g,55.5,51.5,5.5,Batasi,Rendah Kalium & Tinggi Cairan,92.3
Terong Belanda,48.0,1.5,0.3,11.3,100g,57.2,49.2,10.3,Batasi,Rendah Kalium & Tinggi Cairan,85.4
Terong hintalo segar,45.0,1.9,0.8,7.5,100g,60.3,66.1,11.6,Batasi,Rendah Kalium & Tinggi Cairan,88.3
Terong kukus,23.0,1.8,0.1,4.9,100g,140.6,30.1,8.4,Batasi,Tinggi Cairan,91.7
Terong segar,28.0,1.1,0.2,5.5,100g,54.7,41.5,7.9,Batasi,Rendah Kalium & Tinggi Cairan,91.7
Terung belanda segar,52.0,2.1,1.1,8.6,100g,142.8,40.3,8.9,Batasi,Tinggi Cairan,86.7
Terung bengkulu segar,52.0,1.1,0.4,11.2,100g,155.0,29.0,9.5,Batasi,Tinggi Cairan,85.8
Terung panjang,25.0,2.1,0.1,5.3,100g,139.7,30.6,8.6,Batasi,Tinggi Cairan,91.0
Terung panjang kukus,23.0,1.8,0.1,4.9,100g,124.0,30.6,8.4,Batasi,Tinggi Cairan,91.7
Tespong daun,59.0,2.9,0.3,13.9,200g,150.2,33.3,10.1,Batasi,Tinggi Cairan,81.4
Tim (nasi tim),120.0,2.4,0.4,26.0,150g,68.4,40.2,5.8,Aman,Rendah Kalium,69.7
Tinira ninahu nggaluku,33.0,1.2,1.3,4.1,100g,49.7,36.8,12.5,Batasi,Rendah Kalium & Tinggi Cairan,91.9
Tinoransak masakan,516.0,17.7,49.5,0.0,100g,104.0,98.6,10.4,Aman,Normal / Seimbang,31.3
Tipa-tipa,355.0,6.2,1.2,79.8,100g,96.2,68.0,9.2,Aman,Rendah Kalium,11.3
Tiwul  ,353.0,2.4,1.1,83.4,100g,100.2,30.5,17.2,Aman,Normal / Seimbang,11.6
Tiwul Instan,395.0,3.2,8.5,76.5,100g,85.0,56.3,12.3,Aman,Rendah Kalium,10.3
Toge -Tahu makanan,392.0,5.4,28.5,28.4,100g,502.5,257.4,10.6,Hindari,Tinggi Kalium & Tinggi Fosfor,36.2
Toge Goreng ,93.6,4.4,1.8,15.1,100g,165.2,44.3,8.4,Batasi,Normal / Seimbang,8.0
Toge kacang ijo,23.0,2.9,0.2,4.1,100g,479.9,227.7,17.4,Hindari,Tinggi Kalium & Tinggi Fosfor & Tinggi Cairan,91.3
Toge kacang tunggak,35.0,5.0,0.2,5.8,100g,455.3,258.0,15.3,Hindari,Tinggi Kalium & Tinggi Fosfor & Tinggi Cairan,87.5
Toge kedelai,67.0,9.0,2.6,6.4,100g,472.5,280.3,20.4,Hindari,Tinggi Kalium & Tinggi Fosfor & Tinggi Cairan,80.5
Toge seduh,28.0,3.0,0.8,4.0,100g,145.4,38.2,8.5,Batasi,Tinggi Cairan,90.7
Tomat air (juice) segar,20.0,1.0,0.2,3.5,100g,130.7,34.9,7.6,Batasi,Tinggi Cairan,93.8
Tomat Masak,20.0,1.0,0.3,4.2,100g,137.8,34.1,6.4,Batasi,Tinggi Cairan,93.0
Tomat merah segar,24.0,1.3,0.5,4.7,100g,154.3,24.7,11.3,Batasi,Tinggi Cairan,92.0
Tomat muda segar,24.0,2.0,0.7,3.3,100g,129.5,33.0,4.2,Batasi,Tinggi Cairan,92.5
Tumis bandeng,189.0,11.3,15.7,0.6,100g,81.2,77.5,9.6,Aman,Rendah Kalium,70.9
Tumis bayam bersantan,48.0,1.4,4.2,2.6,100g,265.0,172.0,66.7,Batasi,Tinggi Cairan,90.3
Ubi Cilembu,186.0,1.9,0.2,44.3,100g,447.4,29.2,6.2,Hindari,Tinggi Kalium,52.1
Ubi Jalar Goreng ,160.0,3.7,1.3,55.3,100g,504.5,38.7,11.3,Hindari,Tinggi Kalium,8.0
Ubi jalar kuning kukus,100.0,0.7,0.3,23.8,100g,396.8,28.2,10.1,Hindari,Tinggi Kalium,73.7
Ubi jalar kuning segar,119.0,0.5,0.4,25.1,100g,437.0,26.8,7.2,Hindari,Tinggi Kalium,72.5
Ubi jalar manis segar,83.0,1.5,0.2,18.8,100g,392.4,33.1,9.8,Hindari,Tinggi Kalium,78.0
Ubi Jalar Merah,123.0,1.8,0.7,27.9,100g,410.3,35.6,11.3,Hindari,Tinggi Kalium,68.1
Ubi jalar merah segar,151.0,1.6,0.3,35.4,100g,433.3,33.4,5.0,Hindari,Tinggi Kalium,61.2
Ubi Jalar Putih,123.0,1.8,0.7,27.9,100g,344.5,34.7,7.8,Hindari,Tinggi Kalium,68.1
Ubi Jalar Rebus,114.0,1.4,9.6,25.6,100g,393.2,32.3,7.9,Hindari,Tinggi Kalium,61.9
Ubi Jalar Sayur,184.0,1.4,0.3,22.5,100g,428.7,31.6,6.5,Hindari,Tinggi Kalium,74.3
Ubi jalar tinta/ kemayung,108.0,0.5,0.4,25.6,100g,430.8,26.4,9.1,Hindari,Tinggi Kalium,72.0
Ubi jalar tinta/ kemayung kukus,165.0,0.9,0.2,39.8,100g,419.7,26.5,8.2,Hindari,Tinggi Kalium,57.6
Uceng/ bunga melinjo segar,82.0,5.8,1.3,11.7,100g,70.1,64.9,10.9,Batasi,Rendah Kalium,79.7
Udang besar segar,56.0,11.4,0.6,1.2,200g,286.0,230.3,71.4,Hindari,Tinggi Fosfor & Tinggi Cairan,85.3
Udang galah segar,81.0,16.5,0.3,3.0,100g,344.8,270.8,72.9,Hindari,Tinggi Kalium & Tinggi Fosfor,78.7
Udang kering,295.0,62.4,2.3,1.8,100g,589.0,599.5,63.7,Hindari,Tinggi Kalium & Tinggi Fosfor,8.0
Udang kering mentah,278.0,62.6,4.1,2.2,100g,594.6,607.9,63.6,Hindari,Tinggi Kalium & Tinggi Fosfor,8.0
Udang papay mentah,273.0,47.8,3.8,12.5,100g,532.7,508.4,67.5,Hindari,Tinggi Kalium & Tinggi Fosfor,34.4
Udang segar,91.0,21.0,0.2,0.1,100g,411.8,303.4,67.2,Hindari,Tinggi Kalium & Tinggi Fosfor,77.2
Ulat sagu panggang,380.0,11.9,30.3,14.9,100g,88.5,81.8,9.7,Aman,Rendah Kalium,41.4
Ulat sagu segar,241.0,5.8,21.6,5.8,100g,63.8,64.0,21.4,Aman,Rendah Kalium,65.3
Umbi Uwi segar,120.0,2.8,0.5,82.3,100g,82.0,44.3,11.7,Aman,Rendah Kalium,12.9
Umbut rotan,34.0,2.4,0.3,5.5,100g,58.8,47.9,17.1,Batasi,Rendah Kalium & Tinggi Cairan,90.3
Usus Sapi,130.0,14.0,7.2,1.5,100g,288.5,226.4,61.0,Hindari,Tinggi Fosfor,75.8
Uwi,101.0,2.0,0.2,19.8,100g,68.7,31.5,1.0,Batasi,Rendah Kalium,76.5
Vermicelli,363.0,8.7,0.4,78.7,100g,111.5,76.1,7.6,Aman,Normal / Seimbang,10.7
Wajit camilan,303.0,6.3,2.7,63.3,100g,84.5,55.6,12.4,Aman,Rendah Kalium,26.2
Waluh balamak,45.0,0.8,0.9,8.1,100g,132.2,30.6,2.3,Batasi,Tinggi Cairan,88.7
Widaran,424.0,1.3,10.7,80.7,100g,75.0,31.8,11.0,Aman,Rendah Kalium,5.8
Wijen,568.0,19.3,51.1,18.1,100g,599.5,386.4,7.6,Hindari,Tinggi Kalium & Tinggi Fosfor,10.0
Wingko babat,355.0,3.2,15.1,51.4,100g,77.1,53.9,19.4,Aman,Rendah Kalium,28.8
Woku ubi,143.0,3.1,7.8,15.0,100g,375.0,40.2,4.4,Hindari,Tinggi Kalium,72.6
Worst (sosis daging),452.0,14.5,42.3,2.3,100g,291.9,344.6,856.4,Hindari,Tinggi Fosfor & Tinggi Natrium,39.4
Wortel Segar,42.0,1.2,0.6,9.3,100g,147.4,37.9,8.8,Batasi,Tinggi Cairan,87.4
Wortel kukus,37.0,1.0,0.6,8.3,100g,143.3,29.5,4.9,Batasi,Tinggi Cairan,88.6
Wortel rebus,28.0,0.7,0.5,6.3,100g,153.8,25.7,9.0,Batasi,Tinggi Cairan,91.0
Yangko,254.0,3.0,1.1,58.1,100g,66.2,39.1,17.7,Aman,Rendah Kalium,36.3
Yoghurt,52.0,3.3,2.5,4.0,100g,201.2,221.4,230.5,Hindari,Tinggi Fosfor & Tinggi Cairan,88.7
Nasi Putih (Per Porsi),178.0,2.1,0.1,40.6,100g,35.0,32.0,5.0,Aman,Rendah Kalium,65.0
Nasi Padang,178.0,2.1,0.1,40.6,100g,35.0,32.0,5.0,Aman,Rendah Kalium,85.0
Ayam Pop,255.0,22.0,18.0,1.2,100g,210.0,190.0,350.0,Batasi,Tinggi Natrium,55.0
Ayam Gulai,270.0,19.5,20.0,3.5,100g,240.0,210.0,420.0,Hindari,Tinggi Fosfor & Tinggi Natrium,50.0
Telur Dadar Khas Padang,284.0,11.5,23.5,4.0,100g,160.0,180.0,490.0,Hindari,Tinggi Natrium,58.0
Paru Goreng Garing,310.0,28.0,21.0,2.0,100g,220.0,240.0,510.0,Hindari,Tinggi Fosfor & Tinggi Natrium,35.0
Dendeng Balado Batokok,245.0,21.0,17.5,1.5,100g,290.0,220.0,550.0,Hindari,Tinggi Kalium & Tinggi Natrium,45.0
Sambal Lado Ijo,110.0,2.5,8.0,7.5,50g,140.0,45.0,380.0,Batasi,Tinggi Natrium,75.0
Sambal Merah Balado,125.0,3.0,9.0,8.0,50g,150.0,48.0,410.0,Batasi,Tinggi Natrium,70.0
Jengkol Balado,165.0,4.5,11.0,13.5,100g,190.0,65.0,390.0,Batasi,Tinggi Natrium,68.0
Gulai Nangka Muda,95.0,2.0,7.5,6.0,100g,175.0,52.0,310.0,Batasi,Tinggi Natrium,82.0
Bubur Ayam (Polos),165.0,3.2,2.5,31.0,100g,68.0,45.0,210.0,Batasi,Normal / Seimbang,84.0
Bubur Ayam Komplit (Kwetiau/Cakwe/Krupuk),395.0,14.5,15.6,48.2,1 Porsi,185.0,160.0,640.0,Hindari,Tinggi Natrium,78.0
Bubur Kacang Hijau (Santan + Gula Merah),145.0,4.1,3.8,23.5,100g,215.0,92.0,45.0,Batasi,Tinggi Kalium,72.0
Bubur Ketan Hitam,152.0,3.0,4.1,26.3,100g,135.0,88.0,38.0,Batasi,Normal / Seimbang,70.0
Bubur Sumsum,112.0,1.5,3.2,19.8,100g,75.0,35.0,125.0,Batasi,Normal / Seimbang,76.0
Bubur Candil / Biji Salak,184.0,1.8,4.5,34.2,100g,110.0,42.0,95.0,Batasi,Normal / Seimbang,62.0
Bubur Mutiara,130.0,0.5,2.8,25.4,100g,54.0,22.0,88.0,Batasi,Normal / Seimbang,71.0
